IDalign,mutID,mutant_fitness,ID,parent_fitness,delta_fitness
NP_267306,NP_267306_A7X,-0.701674300634534,NP_267306,-1.61535815329876,0.913683852664226
NP_267306,NP_267306_G57S,0.245484970809675,NP_267306,-1.61535815329876,1.8608431241084349
NP_267306,NP_267306_R138C,-0.322403449746907,NP_267306,-1.61535815329876,1.292954703551853
NP_267306,NP_267306_R53H,0.527682360496728,NP_267306,-1.61535815329876,2.143040513795488
NP_414590,NP_414590_V75I,0.210977413833174,NP_414590,-1.11742601000303,1.328403423836204
NP_764674,NP_764674_D121V,-0.226686729820404,NP_764674,-1.52559063240101,1.298903902580606
NP_764674,NP_764674_T147A,-0.91315898885578,NP_764674,-1.52559063240101,0.61243164354523
NP_764674,NP_764674_T37N,-0.69192548575073,NP_764674,-1.52559063240101,0.83366514665028
NP_775043,NP_775043_K58R,-0.64945521130725,NP_775043,-1.12869227197264,0.47923706066538996
NP_775043,NP_775043_S5I,-0.70608423933624,NP_775043,-1.12869227197264,0.4226080326364
NP_775043,NP_775043_Y160C,0.0044768713058798,NP_775043,-1.12869227197264,1.1331691432785198
NP_803570,NP_803570_S53N,-0.654368585856178,NP_803570,-2.75165331005534,2.097284724199162
NP_803570,NP_803570_T166N,0.463244619019111,NP_803570,-2.75165331005534,3.2148979290744513
NP_803570,NP_803570_V142M,0.204106069207433,NP_803570,-2.75165331005534,2.955759379262773
NP_815294,NP_815294_W136C,-0.285195308437797,NP_815294,-4.55234360808864,4.267148299650843
WP_000162454,WP_000162454_D82E,-0.639977852815845,WP_000162454,-1.05495680395942,0.41497895114357497
WP_000162454,WP_000162454_E115D,-0.941845845647387,WP_000162454,-1.05495680395942,0.11311095831203288
WP_000162454,WP_000162454_I160V,-0.915232935944214,WP_000162454,-1.05495680395942,0.13972386801520598
WP_000162454,WP_000162454_K166E,-0.667318332954469,WP_000162454,-1.05495680395942,0.38763847100495097
WP_000162454,WP_000162454_Q81H,-0.739284096659937,WP_000162454,-1.05495680395942,0.31567270729948294
WP_000162454,WP_000162454_T119N,-0.434517784114942,WP_000162454,-1.05495680395942,0.6204390198444779
WP_000175752,WP_000175752_S136A,-0.891670933420149,WP_000175752,-1.21479431357986,0.323123380159711
WP_000312547,WP_000312547_G134C,0.0032346888217165,WP_000312547,-3.0464685179796,3.0497032068013166
WP_000624383,WP_000624383_Q102P,0.697246508999909,WP_000624383,-2.31327895582743,3.010525464827339
WP_000637198,WP_000637198_N19D,1.3265837524078,WP_000637198,-1.44667444021853,2.77325819262633
WP_000637198,WP_000637198_V140A,-0.270870060451685,WP_000637198,-1.44667444021853,1.1758043797668452
WP_000637198,WP_000637198_Y154C,2.11995408872582,WP_000637198,-1.44667444021853,3.5666285289443502
WP_000637208,WP_000637208_G98D,-0.719726741100521,WP_000637208,-2.98379209745443,2.264065356353909
WP_000637208,WP_000637208_L104X,0.405240537386269,WP_000637208,-2.98379209745443,3.389032634840699
WP_000637208,WP_000637208_N60D,-0.996765311178283,WP_000637208,-2.98379209745443,1.987026786276147
WP_000637208,WP_000637208_R53H,-0.995842444909629,WP_000637208,-2.98379209745443,1.987949652544801
WP_000637210,WP_000637210_N19S,0.451985513336969,WP_000637210,-1.53980254264749,1.991788055984459
WP_000637210,WP_000637210_P40Q,-0.67354536874689,WP_000637210,-1.53980254264749,0.8662571739006
WP_000637210,WP_000637210_Q161K,-0.592515650989903,WP_000637210,-1.53980254264749,0.947286891657587
WP_000637213,WP_000637213_A99T,-0.837776352214184,WP_000637213,-1.58020452898312,0.7424281767689359
WP_000637213,WP_000637213_I101T,0.811973688998763,WP_000637213,-1.58020452898312,2.3921782179818827
WP_000637213,WP_000637213_Y31H,-0.888927240993117,WP_000637213,-1.58020452898312,0.6912772879900029
WP_000637215,WP_000637215_F126L,1.38298849455961,WP_000637215,-1.17035680865734,2.55334530321695
WP_000637215,WP_000637215_H78R,0.334058139931658,WP_000637215,-1.17035680865734,1.504414948588998
WP_000637215,WP_000637215_K33E,-0.995688691242812,WP_000637215,-1.17035680865734,0.17466811741452792
WP_000637215,WP_000637215_M130I,-0.713160560001014,WP_000637215,-1.17035680865734,0.4571962486563259
WP_000637215,WP_000637215_P54L,-0.974264965145489,WP_000637215,-1.17035680865734,0.19609184351185094
WP_000637215,WP_000637215_Q162K,-0.0847930379253672,WP_000637215,-1.17035680865734,1.0855637707319727
WP_000637215,WP_000637215_T145A,-0.918251574393246,WP_000637215,-1.17035680865734,0.2521052342640939
WP_000637215,WP_000637215_T64X,-0.285195308437797,WP_000637215,-1.17035680865734,0.885161500219543
WP_000637215,WP_000637215_V109L,-0.205463317960319,WP_000637215,-1.17035680865734,0.9648934906970209
WP_000637215,WP_000637215_V63E,-0.855408208537371,WP_000637215,-1.17035680865734,0.31494860011996895
WP_000637215,WP_000637215_V80L,-0.0984234893620268,WP_000637215,-1.17035680865734,1.071933319295313
WP_000637215,WP_000637215_Y102S,1.73046340704571,WP_000637215,-1.17035680865734,2.9008202157030496
WP_000637217,WP_000637217_G44S,0.0751617993566924,WP_000637217,-2.55670626691314,2.6318680662698326
WP_000637217,WP_000637217_M132L,1.32645463125311,WP_000637217,-2.55670626691314,3.88316089816625
WP_000781809,WP_000781809_A138E,-0.786252287876248,WP_000781809,-1.09848254031999,0.31223025244374203
WP_000781809,WP_000781809_A75V,-0.860794513984102,WP_000781809,-1.09848254031999,0.23768802633588804
WP_000781809,WP_000781809_D78G,-0.697587700843449,WP_000781809,-1.09848254031999,0.40089483947654103
WP_000781809,WP_000781809_H65N,-0.902689569562323,WP_000781809,-1.09848254031999,0.195792970757667
WP_000781809,WP_000781809_K31E,-0.630935804816863,WP_000781809,-1.09848254031999,0.4675467355031271
WP_000781809,WP_000781809_P116T,-0.669832863677676,WP_000781809,-1.09848254031999,0.428649676642314
WP_000781809,WP_000781809_P69Q,-0.931553568248793,WP_000781809,-1.09848254031999,0.16692897207119706
WP_000781809,WP_000781809_R82C,-0.604501747906951,WP_000781809,-1.09848254031999,0.49398079241303905
WP_000781809,WP_000781809_V113I,-0.787144137184412,WP_000781809,-1.09848254031999,0.31133840313557803
WP_000781809,WP_000781809_V39I,-0.548619324476737,WP_000781809,-1.09848254031999,0.549863215843253
WP_000781809,WP_000781809_Y96X,-0.73373090534449,WP_000781809,-1.09848254031999,0.3647516349755
WP_000781810,WP_000781810_E93K,-0.674254530222012,WP_000781810,-1.47150290754494,0.797248377322928
WP_000781810,WP_000781810_K2N,-0.891575984578038,WP_000781810,-1.47150290754494,0.579926922966902
WP_000781811,WP_000781811_Q141R,0.261076480948203,WP_000781811,-1.40017098461772,1.661247465565923
WP_000781811,WP_000781811_Y73C,-0.649940040794577,WP_000781811,-1.40017098461772,0.7502309438231429
WP_001408245,WP_001408245_D122Y,-0.996765311178283,WP_001408245,-1.01088755361131,0.014122242433026955
WP_001408245,WP_001408245_R12H,-0.647919141489322,WP_001408245,-1.01088755361131,0.36296841212198805
WP_001487721,WP_001487721_S138N,-0.633118611858104,WP_001487721,-2.21915773251473,1.5860391206566258
WP_001489286,WP_001489286_R12C,-0.0508982350047651,WP_001489286,-1.8378148137805,1.7869165787757348
WP_002031690,WP_002031690_E122K,-0.858087332781291,WP_002031690,-3.41565127829874,2.5575639455174493
WP_002031690,WP_002031690_G97R,-0.732654285409018,WP_002031690,-3.41565127829874,2.682996992889722
WP_002031690,WP_002031690_K33X_X163Q,0.561049006044825,WP_002031690,-3.41565127829874,3.976700284343565
WP_002031690,WP_002031690_Y102H,0.463840762106072,WP_002031690,-3.41565127829874,3.879492040404812
WP_002031690,WP_002031690_Y48S,0.546016656113682,WP_002031690,-3.41565127829874,3.961667934412422
WP_002200642,WP_002200642_R53H,-0.0924517660320152,WP_002200642,-1.73373090534449,1.6412791393124748
WP_002210497,WP_002210497_A84V,0.704916589446972,WP_002210497,-1.06398151481054,1.768898104257512
WP_002309578,WP_002309578_M42I,-0.259153648643493,WP_002309578,-3.80819597836046,3.549042329716967
WP_002309578,WP_002309578_M77L,-0.773450023573181,WP_002309578,-3.80819597836046,3.034745954787279
WP_002313876,WP_002313876_L2T,-0.211035548912609,WP_002313876,-1.60683598455524,1.395800435642631
WP_002313876,WP_002313876_P153T,-0.489064097984262,WP_002313876,-1.60683598455524,1.117771886570978
WP_002314787,WP_002314787_D37E,1.22654997642682,WP_002314787,-1.61701150544039,2.84356148186721
WP_002314787,WP_002314787_F157V,-0.396394506127142,WP_002314787,-1.61701150544039,1.2206169993132479
WP_002314787,WP_002314787_I14M,-0.472790929780232,WP_002314787,-1.61701150544039,1.144220575660158
WP_002329360,WP_002329360_F134L,-0.934369904866099,WP_002329360,-1.33651038146932,0.40214047660322094
WP_002329360,WP_002329360_G12V,-0.844116149364649,WP_002329360,-1.33651038146932,0.49239423210467104
WP_002329360,WP_002329360_I103M,-0.996119242809699,WP_002329360,-1.33651038146932,0.340391138659621
WP_002329360,WP_002329360_R38H,0.552082291611249,WP_002329360,-1.33651038146932,1.888592673080569
WP_002329360,WP_002329360_Y57X,-0.928476660672689,WP_002329360,-1.33651038146932,0.408033720796631
WP_002434338,WP_002434338_D144H,-0.953468832684667,WP_002434338,-2.62838745830921,1.6749186256245432
WP_002434338,WP_002434338_G86C,-0.849880118637552,WP_002434338,-2.62838745830921,1.7785073396716582
WP_002434338,WP_002434338_R44L,0.482300644560991,WP_002434338,-2.62838745830921,3.110688102870201
WP_002455337,WP_002455337_D81E,-0.841840588237253,WP_002455337,-1.05888252671663,0.21704193847937692
WP_002455337,WP_002455337_F124S,-0.385264147516677,WP_002455337,-1.05888252671663,0.673618379199953
WP_002455337,WP_002455337_H118N,-0.883888489543947,WP_002455337,-1.05888252671663,0.17499403717268291
WP_002455337,WP_002455337_H39X,0.955772770318389,WP_002455337,-1.05888252671663,2.014655297035019
WP_002455337,WP_002455337_K18N,-0.621395047055127,WP_002455337,-1.05888252671663,0.4374874796615029
WP_002455337,WP_002455337_K70E,-0.995227528534706,WP_002455337,-1.05888252671663,0.063654998181924
WP_002455337,WP_002455337_Q141K,-0.719803779426581,WP_002455337,-1.05888252671663,0.33907874729004894
WP_002455337,WP_002455337_S36I,0.478586845852852,WP_002455337,-1.05888252671663,1.537469372569482
WP_002455337,WP_002455337_T2M,-0.866591977343049,WP_002455337,-1.05888252671663,0.19229054937358092
WP_002465218,WP_002465218_V14M,0.1742363101995,WP_002465218,-2.18388480425417,2.35812111445367
WP_002483287,WP_002483287_K30N,-0.811776799495723,WP_002483287,-2.76100820999723,1.9492314105015072
WP_002514670,WP_002514670_A89V,0.300488489336518,WP_002514670,-2.66088747548375,2.961375964820268
WP_002514670,WP_002514670_G16X,1.14191266721871,WP_002514670,-2.66088747548375,3.80280014270246
WP_002528547,WP_002528547_C110R,-0.674191147922337,WP_002528547,-1.88311740536529,1.208926257442953
WP_002528547,WP_002528547_R30X,0.665929916197411,WP_002528547,-1.88311740536529,2.5490473215627008
WP_002528547,WP_002528547_T77X,0.632595736988628,WP_002528547,-1.88311740536529,2.515713142353918
WP_002569854,WP_002569854_Y110N,0.258201061902152,WP_002569854,-1.218619422547,1.476820484449152
WP_002641668,WP_002641668_D33X,0.588197189542873,WP_002641668,-3.1666903126206,3.754887502163473
WP_002641668,WP_002641668_F36X,-0.526203407941592,WP_002641668,-3.1666903126206,2.6404869046790083
WP_002641668,WP_002641668_I99V,-0.652737382187491,WP_002641668,-3.1666903126206,2.513952930433109
WP_002641668,WP_002641668_K123N,-0.368172687991876,WP_002641668,-3.1666903126206,2.798517624628724
WP_002641668,WP_002641668_Q105R,-0.204279825136149,WP_002641668,-3.1666903126206,2.9624104874844512
WP_002650194,WP_002650194_D147N,1.45611117837437,WP_002650194,-2.62838745830921,4.0844986366835805
WP_002650194,WP_002650194_I121L,-0.995688691242812,WP_002650194,-2.62838745830921,1.6326987670663982
WP_002817137,WP_002817137_D113E,-0.995201643068135,WP_002817137,-1.27759402797782,0.282392384909685
WP_002817137,WP_002817137_M111L,1.87917172571868,WP_002817137,-1.27759402797782,3.1567657536965
WP_002820451,WP_002820451_A153X,0.119954088725816,WP_002820451,-1.35228690243439,1.472240991160206
WP_002820451,WP_002820451_D113N,-0.781192823847817,WP_002820451,-1.35228690243439,0.571094078586573
WP_002820451,WP_002820451_F156V,-0.844116149364649,WP_002820451,-1.35228690243439,0.508170753069741
WP_002820451,WP_002820451_H19N,-0.91760303575607,WP_002820451,-1.35228690243439,0.43468386667831993
WP_002820451,WP_002820451_H93N,-0.873382971427521,WP_002820451,-1.35228690243439,0.478903931006869
WP_002820451,WP_002820451_V170A,-0.229900739261438,WP_002820451,-1.35228690243439,1.122386163172952
WP_002885904,WP_002885904_G102V,-0.674191147922337,WP_002885904,-3.59296804119203,2.918776893269693
WP_002885904,WP_002885904_M53I,0.566647558248242,WP_002885904,-3.59296804119203,4.159615599440272
WP_002888320,WP_002888320_V88M,0.961633885910654,WP_002888320,-2.42907865008581,3.3907125359964643
WP_002946474,WP_002946474_C152F,-0.79821684279092,WP_002946474,-2.0464685179796,1.24825167518868
WP_003002249,WP_003002249_R61C,-0.864116650435697,WP_003002249,-3.47817933898143,2.614062688545733
WP_003002249,WP_003002249_S2T,0.319807218031352,WP_003002249,-3.47817933898143,3.797986557012782
WP_003126959,WP_003126959_E33X,2.27770086520575,WP_003126959,-3.57548982690294,5.85319069210869
WP_003126959,WP_003126959_F156S,-0.814863239982594,WP_003126959,-3.57548982690294,2.760626586920346
WP_003126959,WP_003126959_V126A,0.741492130531954,WP_003126959,-3.57548982690294,4.316981957434894
WP_003126959,WP_003126959_V76M,-0.147691784687862,WP_003126959,-3.57548982690294,3.4277980422150782
WP_003137297,WP_003137297_I102T,0.489584382260613,WP_003137297,-1.27595036410236,1.765534746362973
WP_003137297,WP_003137297_I102X,-0.917402991689971,WP_003137297,-1.27595036410236,0.358547372412389
WP_003137297,WP_003137297_K113X,-0.141104556313928,WP_003137297,-1.27595036410236,1.134845807788432
WP_003137297,WP_003137297_L100M,-0.996765311178283,WP_003137297,-1.27595036410236,0.2791850529240769
WP_003146014,WP_003146014_F126L,1.06354934657401,WP_003146014,-2.55829760112467,3.62184694769868
WP_003146014,WP_003146014_L24M,0.29391576066376,WP_003146014,-2.55829760112467,2.85221336178843
WP_003146014,WP_003146014_N151K,0.32645463125311,WP_003146014,-2.55829760112467,2.88475223237778
WP_003146014,WP_003146014_T114A,1.32580885207766,WP_003146014,-2.55829760112467,3.88410645320233
WP_003215564,WP_003215564_F47L,-0.0567617283780919,WP_003215564,-1.81211649005115,1.755354761673058
WP_003215564,WP_003215564_G142S,0.911417131974266,WP_003215564,-1.81211649005115,2.723533622025416
WP_003215564,WP_003215564_M105V,-0.864116650435697,WP_003215564,-1.81211649005115,0.947999839615453
WP_003215564,WP_003215564_T39S,-0.0519278708459279,WP_003215564,-1.81211649005115,1.760188619205222
WP_003250718,WP_003250718_E80G,-0.787241908859015,WP_003250718,-1.53959841467667,0.7523565058176549
WP_003286769,WP_003286769_A166T,-0.259153648643493,WP_003286769,-2.88364451355129,2.6244908649077967
WP_003286769,WP_003286769_Q125R,-0.0778976458163871,WP_003286769,-2.88364451355129,2.8057468677349027
WP_003335971,WP_003335971_A128S,-0.440115014103448,WP_003335971,-1.27273426115702,0.832619247053572
WP_003354931,WP_003354931_A70T,-0.913992393706357,WP_003354931,-1.34133857405318,0.42734618034682303
WP_003354931,WP_003354931_G56D,-0.323307887534678,WP_003354931,-1.34133857405318,1.018030686518502
WP_003354931,WP_003354931_H118R,-0.613875274183116,WP_003354931,-1.34133857405318,0.727463299870064
WP_003354931,WP_003354931_I103F,-0.180233536900656,WP_003354931,-1.34133857405318,1.161105037152524
WP_003354931,WP_003354931_K29E,-0.431534600431088,WP_003354931,-1.34133857405318,0.909803973622092
WP_003354931,WP_003354931_L4Q,-0.351307402500716,WP_003354931,-1.34133857405318,0.990031171552464
WP_003354931,WP_003354931_M111T,-0.700210205854697,WP_003354931,-1.34133857405318,0.6411283681984831
WP_003354931,WP_003354931_R135C,-0.651342990980099,WP_003354931,-1.34133857405318,0.6899955830730811
WP_003354931,WP_003354931_R66S,-0.598194535338285,WP_003354931,-1.34133857405318,0.743144038714895
WP_003354931,WP_003354931_T124A,-0.535257753213568,WP_003354931,-1.34133857405318,0.806080820839612
WP_003468692,WP_003468692_I76X,-0.800757739993815,WP_003468692,-1.33790750115492,0.5371497611611049
WP_003468692,WP_003468692_T64N,-0.222914335295489,WP_003468692,-1.33790750115492,1.114993165859431
WP_003560383,WP_003560383_A7T,-0.651342990980099,WP_003560383,-3.43568656485118,2.784343573871081
WP_003570293,WP_003570293_I130T,0.696496471578827,WP_003570293,-3.55683419728418,4.253330668863007
WP_003593445,WP_003593445_S29X,-0.147691784687862,WP_003593445,-2.21915773251473,2.071465947826868
WP_003593445,WP_003593445_W26R,-0.421883106519335,WP_003593445,-2.21915773251473,1.797274625995395
WP_003776922,WP_003776922_Q11K,-0.145242445431378,WP_003776922,-2.03163694093969,1.8863944955083118
WP_003776922,WP_003776922_V119L,-0.623622079144267,WP_003776922,-2.03163694093969,1.408014861795423
WP_003781984,WP_003781984_D91V,-0.481546069979941,WP_003781984,-1.13276179187944,0.651215721899499
WP_003781984,WP_003781984_R18C,-0.348365048774056,WP_003781984,-1.13276179187944,0.784396743105384
WP_003803908,WP_003803908_L108X,-0.674191147922337,WP_003803908,-3.67074162534474,2.996550477422403
WP_003803908,WP_003803908_R161H,-0.674191147922337,WP_003803908,-3.67074162534474,2.996550477422403
WP_003862388,WP_003862388_G69V,-0.747971102047459,WP_003862388,-4.239369318324,3.491398216276541
WP_003862388,WP_003862388_V78L,0.14191266721871,WP_003862388,-4.239369318324,4.38128198554271
WP_004025489,WP_004025489_K32R,-0.411802810457127,WP_004025489,-2.4013655559398,1.9895627454826732
WP_004028614,WP_004028614_F149L,-0.647919141489322,WP_004028614,-1.97717537471261,1.329256233223288
WP_004045007,WP_004045007_A26V,-0.996765311178283,WP_004045007,-3.76511608172901,2.768350770550727
WP_004045007,WP_004045007_G56D,-0.660084573136894,WP_004045007,-3.76511608172901,3.1050315085921163
WP_004045007,WP_004045007_V105G,-0.358412524294337,WP_004045007,-3.76511608172901,3.406703557434673
WP_004047871,WP_004047871_I2X,-0.674191147922337,WP_004047871,-2.49494069784465,1.8207495499223127
WP_004047871,WP_004047871_S138X,-0.73373090534449,WP_004047871,-2.49494069784465,1.7612097925001597
WP_004047871,WP_004047871_V149L,-0.73373090534449,WP_004047871,-2.49494069784465,1.7612097925001597
WP_004164229,WP_004164229_G21D,2.70491658944697,WP_004164229,-3.1834186051992,5.888335194646171
WP_004164229,WP_004164229_G53D,-0.674570737735047,WP_004164229,-3.1834186051992,2.5088478674641532
WP_004165921,WP_004165921_S77R,0.882292763841265,WP_004165921,-1.81368369106576,2.695976454907025
WP_004212367,WP_004212367_D110E,0.0041575550903707,WP_004212367,-2.21360843145074,2.2177659865411106
WP_004212367,WP_004212367_M97I,0.366881388141896,WP_004212367,-2.21360843145074,2.580489819592636
WP_004245545,WP_004245545_A118T,0.185136760017406,WP_004245545,-1.17059162793352,1.355728387950926
WP_004245545,WP_004245545_D90X,0.461145556070322,WP_004245545,-1.17059162793352,1.631737184003842
WP_004245545,WP_004245545_F104L,0.4900455941114,WP_004245545,-1.17059162793352,1.66063722204492
WP_004245545,WP_004245545_G27D,0.0032346888217165,WP_004245545,-1.17059162793352,1.1738263167552365
WP_004245545,WP_004245545_I6V,-0.226686729820404,WP_004245545,-1.17059162793352,0.943904898113116
WP_004245545,WP_004245545_N89D,0.19379820655176,WP_004245545,-1.17059162793352,1.36438983448528
WP_004245545,WP_004245545_S136I,-0.633979874992097,WP_004245545,-1.17059162793352,0.536611752941423
WP_004245545,WP_004245545_S64C,-0.567293037533897,WP_004245545,-1.17059162793352,0.603298590399623
WP_004245545,WP_004245545_S78R,-0.721680275413933,WP_004245545,-1.17059162793352,0.448911352519587
WP_004270296,WP_004270296_F97L,-0.505492124516644,WP_004270296,-2.60473460092003,2.099242476403386
WP_004437119,WP_004437119_K122M,-0.923407001826517,WP_004437119,-2.5525840745621,1.629177072735583
WP_004437119,WP_004437119_N149T,0.42269920930292,WP_004437119,-2.5525840745621,2.97528328386502
WP_004437119,WP_004437119_R57H,0.149008676276334,WP_004437119,-2.5525840745621,2.701592750838434
WP_004437119,WP_004437119_S78G,-0.857545961257015,WP_004437119,-2.5525840745621,1.6950381133050851
WP_004570408,WP_004570408_G43V,1.38298849455961,WP_004570408,-3.85634147282164,5.23932996738125
WP_004570408,WP_004570408_K29Q,-0.647919141489322,WP_004570408,-3.85634147282164,3.208422331332318
WP_004570408,WP_004570408_K87R,0.214171834667996,WP_004570408,-3.85634147282164,4.0705133074896365
WP_004632046,WP_004632046_G98S,-0.502365492411127,WP_004632046,-2.69989136231356,2.197525869902433
WP_004632046,WP_004632046_K144E,-0.784086751337513,WP_004632046,-2.69989136231356,1.9158046109760472
WP_004632046,WP_004632046_L84P,-0.953468832684667,WP_004632046,-2.69989136231356,1.746422529628893
WP_004647417,WP_004647417_A75T,-0.121121738615084,WP_004647417,-1.81132786818513,1.690206129570046
WP_004658932,WP_004658932_A88V,-0.875454281047036,WP_004658932,-1.0569071528447,0.181452871797664
WP_004658932,WP_004658932_Q168R,-0.859020728454738,WP_004658932,-1.0569071528447,0.19788642438996207
WP_004658932,WP_004658932_S158G,-0.553398575533948,WP_004658932,-1.0569071528447,0.503508577310752
WP_004668576,WP_004668576_A2S,0.852308215312138,WP_004668576,-1.44667444021853,2.298982655530668
WP_004668576,WP_004668576_K147X,0.0043113087571882,WP_004668576,-1.44667444021853,1.4509857489757183
WP_004702785,WP_004702785_R53H,0.463840762106072,WP_004702785,-2.09537811846054,2.5592188805666116
WP_004799309,WP_004799309_G43D,-0.419351670818771,WP_004799309,-2.78925991726979,2.369908246451019
WP_004799309,WP_004799309_Q63K,0.325808852077663,WP_004799309,-2.78925991726979,3.115068769347453
WP_004826920,WP_004826920_E102G,-0.664068912014937,WP_004826920,-2.14170583247896,1.477636920464023
WP_004826920,WP_004826920_E139D,-0.662879694047906,WP_004826920,-2.14170583247896,1.478826138431054
WP_004826920,WP_004826920_E139X,-0.0477974162920587,WP_004826920,-2.14170583247896,2.0939084161869013
WP_004826920,WP_004826920_E147D,-0.39588227206329,WP_004826920,-2.14170583247896,1.74582356041567
WP_004826920,WP_004826920_F104V,-0.285195308437797,WP_004826920,-2.14170583247896,1.856510524041163
WP_004826920,WP_004826920_G42D,-0.0984234893620268,WP_004826920,-2.14170583247896,2.043282343116933
WP_004826920,WP_004826920_I82T,1.06354934657401,WP_004826920,-2.14170583247896,3.20525517905297
WP_004826920,WP_004826920_K18E,-0.566006497156849,WP_004826920,-2.14170583247896,1.575699335322111
WP_004826920,WP_004826920_K68X,1.84115692523756,WP_004826920,-2.14170583247896,3.9828627577165197
WP_004826920,WP_004826920_N76D,-0.569026026878643,WP_004826920,-2.14170583247896,1.572679805600317
WP_004826920,WP_004826920_S141L,0.0047184690390462,WP_004826920,-2.14170583247896,2.1464243015180062
WP_004826920,WP_004826920_Y119H,-0.913226531050839,WP_004826920,-2.14170583247896,1.228479301428121
WP_004832905,WP_004832905_E124G,-0.94555822085125,WP_004832905,-1.0641318909105,0.11857367005925001
WP_004876733,WP_004876733_K146E,-0.481546069979941,WP_004876733,-2.43303091218005,1.9514848422001092
WP_004897156,WP_004897156_V41L,-0.229900739261438,WP_004897156,-1.29198506892407,1.0620843296626319
WP_004907189,WP_004907189_I78V,-0.17685312586452,WP_004907189,-2.19927523425136,2.02242210838684
WP_004907189,WP_004907189_T48N,-0.623622079144267,WP_004907189,-2.19927523425136,1.5756531551070931
WP_004908621,WP_004908621_I79V,0.204001950366235,WP_004908621,-2.13362276655963,2.337624716925865
WP_004968047,WP_004968047_I105M,0.72084585028546,WP_004968047,-1.8544341325698,2.57527998285526
WP_004994850,WP_004994850_F93X,-0.996765311178283,WP_004994850,-1.37463086606343,0.37786555488514706
WP_004994850,WP_004994850_H23Q,0.0825970083100289,WP_004994850,-1.37463086606343,1.457227874373459
WP_005023315,WP_005023315_S2T,-0.534580569113601,WP_005023315,-3.64043803282667,3.105857463713069
WP_005095538,WP_005095538_Q91R,-0.115230323600406,WP_005095538,-1.15902013017793,1.043789806577524
WP_005155171,WP_005155171_V11F,0.1742363101995,WP_005155171,-2.0951758532671,2.2694121634666
WP_005255307,WP_005255307_D149N,-0.78389995614258,WP_005255307,-1.98511520115484,1.2012152450122602
WP_005255307,WP_005255307_D87V,-0.741550265611388,WP_005255307,-1.98511520115484,1.2435649355434522
WP_005255307,WP_005255307_I107S,-0.753392531340946,WP_005255307,-1.98511520115484,1.231722669813894
WP_005255307,WP_005255307_S103A,-0.0778976458163871,WP_005255307,-1.98511520115484,1.907217555338453
WP_005255307,WP_005255307_S158A,-0.916027471460919,WP_005255307,-1.98511520115484,1.069087729693921
WP_005255307,WP_005255307_T126S,0.245484970809675,WP_005255307,-1.98511520115484,2.230600171964515
WP_005255307,WP_005255307_T6I,-0.331796180254061,WP_005255307,-1.98511520115484,1.653319020900779
WP_005267485,WP_005267485_T41M,-0.674191147922337,WP_005267485,-2.37390314179273,1.6997119938703928
WP_005267485,WP_005267485_V129M,1.3166004395211,WP_005267485,-2.37390314179273,3.6905035813138296
WP_005315240,WP_005315240_L89P,-0.67354536874689,WP_005315240,-1.42436642749799,0.7508210587511
WP_005369321,WP_005369321_H24N,-0.934544246137103,WP_005369321,-1.63439164523091,0.699847399093807
WP_005468577,WP_005468577_A74E,-0.647919141489322,WP_005468577,-1.35479121150954,0.706872070020218
WP_005468577,WP_005468577_A86T,-0.357859087764003,WP_005468577,-1.35479121150954,0.996932123745537
WP_005468577,WP_005468577_F128S,-0.955751914683574,WP_005468577,-1.35479121150954,0.39903929682596595
WP_005468577,WP_005468577_I106S,-0.827541318988457,WP_005468577,-1.35479121150954,0.527249892521083
WP_005468577,WP_005468577_K20E,-0.709724115319244,WP_005468577,-1.35479121150954,0.645067096190296
WP_005468577,WP_005468577_K85E,-0.915177562448845,WP_005468577,-1.35479121150954,0.439613649060695
WP_005468577,WP_005468577_S141R,-0.449742160797628,WP_005468577,-1.35479121150954,0.905049050711912
WP_005468577,WP_005468577_V63A,-0.971743766191985,WP_005468577,-1.35479121150954,0.38304744531755497
WP_005488479,WP_005488479_L14X,0.1742363101995,WP_005488479,-3.0970941594388,3.2713304696383
WP_005490994,WP_005490994_V63F,1.87887826138492,WP_005490994,-1.1215349515742,3.0004132129591197
WP_005555536,WP_005555536_T121M,0.0371632095628698,WP_005555536,-1.00990685715998,1.0470700667228499
WP_005581834,WP_005581834_N147X,-0.893149188080391,WP_005581834,-3.09074808957157,2.197598901491179
WP_005689288,WP_005689288_A71E,-0.791702223753125,WP_005689288,-1.59734587733987,0.8056436535867451
WP_005701333,WP_005701333_D132N,-0.90450330080334,WP_005701333,-1.67419114792234,0.769687847119
WP_005701333,WP_005701333_E103G,-0.612144824082747,WP_005701333,-1.67419114792234,1.062046323839593
WP_005701333,WP_005701333_L158P,-0.742044448315303,WP_005701333,-1.67419114792234,0.9321466996070369
WP_005701333,WP_005701333_P56S,-0.0477974162920587,WP_005701333,-1.67419114792234,1.6263937316302812
WP_005720293,WP_005720293_P55Q,0.119954088725816,WP_005720293,-1.1527333375718,1.272687426297616
WP_005806818,WP_005806818_C7S,0.741492130531954,WP_005806818,-1.48358273151478,2.2250748620467338
WP_005806818,WP_005806818_R58L,1.06498606545197,WP_005806818,-1.48358273151478,2.54856879696675
WP_005817400,WP_005817400_A8T,1.32580885207766,WP_005817400,-1.99676531117828,3.32257416325594
WP_005827102,WP_005827102_A121V,0.7086889767342,WP_005827102,-1.29024291033756,1.9989318870717598
WP_005827102,WP_005827102_K139E,-0.500850499324795,WP_005827102,-1.29024291033756,0.7893924110127649
WP_005827102,WP_005827102_P151H,0.589489037086904,WP_005827102,-1.29024291033756,1.8797319474244638
WP_005827102,WP_005827102_R10H,0.621310176734545,WP_005827102,-1.29024291033756,1.911553087072105
WP_005827102,WP_005827102_S64G,-0.525772984828287,WP_005827102,-1.29024291033756,0.7644699255092728
WP_005917048,WP_005917048_F134S,-0.411802810457127,WP_005917048,-2.19042148609639,1.778618675639263
WP_005917048,WP_005917048_S19C,-0.147691784687862,WP_005917048,-2.19042148609639,2.042729701408528
WP_005946395,WP_005946395_E139X,-0.362652775093979,WP_005946395,-1.60801782955553,1.245365054461551
WP_005946395,WP_005946395_L132M,-0.82055708642531,WP_005946395,-1.60801782955553,0.7874607431302201
WP_005946395,WP_005946395_P50L,-0.86216895476095,WP_005946395,-1.60801782955553,0.7458488747945801
WP_006074836,WP_006074836_D11Y,0.503248428783797,WP_006074836,-2.76755200637293,3.270800435156727
WP_006074836,WP_006074836_R126C,-0.500784117565194,WP_006074836,-2.76755200637293,2.266767888807736
WP_006204934,WP_006204934_G13X,0.0032346888217165,WP_006204934,-2.8161275740261,2.8193622628478163
WP_006204934,WP_006204934_P54H,-0.995842444909629,WP_006204934,-2.8161275740261,1.8202851291164708
WP_006279286,WP_006279286_S90R,0.284900280635069,WP_006279286,-1.47726922207018,1.762169502705249
WP_006286039,WP_006286039_K53N,-0.259153648643493,WP_006286039,-3.32800259107685,3.0688489424333567
WP_006352319,WP_006352319_A7T,-0.603063810280081,WP_006352319,-4.1310963569476,3.528032546667519
WP_006352319,WP_006352319_N65T,0.38298849455961,WP_006352319,-4.1310963569476,4.51408485150721
WP_006574879,WP_006574879_N17K,-0.956931355876609,WP_006574879,-1.5454257910474,0.588494435170791
WP_006584844,WP_006584844_S3R,-0.291848091367689,WP_006584844,-1.50635324162808,1.214505150260391
WP_006636318,WP_006636318_I14T,-0.712469884134839,WP_006636318,-1.1971056318072,0.48463574767236095
WP_006636318,WP_006636318_L28V,-0.626073048191452,WP_006636318,-1.1971056318072,0.5710325836157479
WP_006636318,WP_006636318_R44H,-0.273946076215045,WP_006636318,-1.1971056318072,0.923159555592155
WP_006702473,WP_006702473_M141T,-0.71656550289489,WP_006702473,-2.1426838332389,1.4261183303440101
WP_006702473,WP_006702473_T46K,0.0041575550903707,WP_006702473,-2.1426838332389,2.1468413883292707
WP_006722715,WP_006722715_E76K,1.58927380947834,WP_006722715,-1.39853761038062,2.98781141985896
WP_006722715,WP_006722715_F109C,-0.973271085867461,WP_006722715,-1.39853761038062,0.42526652451315894
WP_006722715,WP_006722715_V84F,-0.28968938672722,WP_006722715,-1.39853761038062,1.1088482236533999
WP_006748036,WP_006748036_I103S,0.426692621687749,WP_006748036,-2.31869340606565,2.745386027753399
WP_006790109,WP_006790109_A66V,-0.99534434247956,WP_006790109,-2.343622231299,1.3482778888194398
WP_006790109,WP_006790109_K146E,0.0032346888217165,WP_006790109,-2.343622231299,2.3468569201207163
WP_006790109,WP_006790109_K29R,-0.73373090534449,WP_006790109,-2.343622231299,1.6098913259545098
WP_006790109,WP_006790109_S87G,-0.907972644374075,WP_006790109,-2.343622231299,1.4356495869249248
WP_006831505,WP_006831505_A7E,-0.952316013921465,WP_006831505,-1.27171966703514,0.319403653113675
WP_006915947,WP_006915947_G100X,-0.536159237893928,WP_006915947,-2.64915363577772,2.1129943978837917
WP_006923903,WP_006923903_K169Q,1.28467243356832,WP_006923903,-2.2112061018464,3.49587853541472
WP_006940983,WP_006940983_D91Y,-0.884298684009179,WP_006940983,-3.28890099203755,2.404602308028371
WP_006940983,WP_006940983_H79R,0.811512477147975,WP_006940983,-3.28890099203755,4.100413469185525
WP_006988228,WP_006988228_Q151R,-0.915960947283363,WP_006988228,-1.15017966866937,0.23421872138600697
WP_006988228,WP_006988228_T88I,-0.558490370213491,WP_006988228,-1.15017966866937,0.5916892984558789
WP_007021382,WP_007021382_A115E,-0.696083164782938,WP_007021382,-1.32398196962259,0.6278988048396521
WP_007070428,WP_007070428_F78X,0.0045265363657471,WP_007070428,-1.98181399766711,1.9863405340328573
WP_007119291,WP_007119291_R10H,-0.206543078343245,WP_007119291,-1.9350911163282,1.7285480379849552
WP_007125473,WP_007125473_A82E,-0.026967127856846,WP_007125473,-3.14202500429326,3.115057876436414
WP_007125473,WP_007125473_T121A,-0.888927240993117,WP_007125473,-3.14202500429326,2.2530977633001426
WP_007155760,WP_007155760_L152P,-0.8257636898005,WP_007155760,-1.79397871203446,0.9682150222339599
WP_007347806,WP_007347806_S81N,0.535118751453775,WP_007347806,-3.8001074338688,4.3352261853225755
WP_007592680,WP_007592680_G102A,-0.19463880462133,WP_007592680,-1.66337857649102,1.46873977186969
WP_007592680,WP_007592680_I92V,-0.572536456712426,WP_007592680,-1.66337857649102,1.090842119778594
WP_007592680,WP_007592680_K10T,-0.797426644125481,WP_007592680,-1.66337857649102,0.865951932365539
WP_007592680,WP_007592680_L144M,-0.284836613592908,WP_007592680,-1.66337857649102,1.3785419628981121
WP_007592680,WP_007592680_L20P,-0.995842444909629,WP_007592680,-1.66337857649102,0.667536131581391
WP_007592680,WP_007592680_N94K,-0.738962185131955,WP_007592680,-1.66337857649102,0.9244163913590651
WP_007592680,WP_007592680_T150P,-0.633118611858104,WP_007592680,-1.66337857649102,1.030259964632916
WP_007592680,WP_007592680_Y161H,-0.201974006161547,WP_007592680,-1.66337857649102,1.4614045703294731
WP_007653822,WP_007653822_I74T,0.98936722041442,WP_007653822,-3.50982265815106,4.49918987856548
WP_007746482,WP_007746482_R53H,0.603395409356268,WP_007746482,-4.21070592204319,4.814101331399458
WP_007746482,WP_007746482_T46P,-0.56467250352731,WP_007746482,-4.21070592204319,3.6460334185158803
WP_007802196,WP_007802196_L38X,0.29391576066376,WP_007802196,-2.8382299309957,3.1321456916594603
WP_007868929,WP_007868929_V114I,2.54903150784452,WP_007868929,-2.0665085707011,4.61554007854562
WP_007868932,WP_007868932_E135G,-0.556345806915769,WP_007868932,-1.20074353893029,0.6443977320145211
WP_007868932,WP_007868932_K88E,-0.359016770841838,WP_007868932,-1.20074353893029,0.8417267680884521
WP_007868932,WP_007868932_M102T,-0.56200126509367,WP_007868932,-1.20074353893029,0.6387422738366201
WP_007868932,WP_007868932_Q164K,-0.874895178629038,WP_007868932,-1.20074353893029,0.3258483603012521
WP_007868932,WP_007868932_T117P,-0.903175940190338,WP_007868932,-1.20074353893029,0.2975675987399521
WP_007876263,WP_007876263_I103F,0.226549976426819,WP_007876263,-3.37553340297855,3.602083379405369
WP_007876263,WP_007876263_Y150H,-0.735825335614026,WP_007876263,-3.37553340297855,2.639708067364524
WP_007884968,WP_007884968_V88A,0.38188525432588,WP_007884968,-3.39682743478157,3.77871268910745
WP_008033914,WP_008033914_D19X,-0.201974006161547,WP_008033914,-2.33244049096882,2.1304664848072727
WP_008033914,WP_008033914_I106X,-0.476774939327716,WP_008033914,-2.33244049096882,1.855665551641104
WP_008170691,WP_008170691_E103G,-0.789022586166826,WP_008170691,-1.07789764581639,0.28887505964956406
WP_008170691,WP_008170691_P54Q,-0.65014965146266,WP_008170691,-1.07789764581639,0.42774799435373
WP_008170691,WP_008170691_T37M,-0.345152709946231,WP_008170691,-1.07789764581639,0.732744935870159
WP_008176466,WP_008176466_I103F,-0.913226531050839,WP_008176466,-1.27053224663133,0.35730571558049107
WP_008176466,WP_008176466_I103S,-0.326154364877114,WP_008176466,-1.27053224663133,0.944377881754216
WP_008176466,WP_008176466_K39N,-0.778894057505911,WP_008176466,-1.27053224663133,0.491638189125419
WP_008176466,WP_008176466_M37I,0.206466987439208,WP_008176466,-1.27053224663133,1.476999234070538
WP_008176466,WP_008176466_P114S,-0.495697755236011,WP_008176466,-1.27053224663133,0.774834491395319
WP_008176466,WP_008176466_Q34R,-0.8257636898005,WP_008176466,-1.27053224663133,0.44476855683083005
WP_008176466,WP_008176466_R58H,-0.844116149364649,WP_008176466,-1.27053224663133,0.42641609726668106
WP_008176466,WP_008176466_V76X,-0.657334244381847,WP_008176466,-1.27053224663133,0.6131980022494831
WP_008176466,WP_008176466_Y31X,0.0032346888217165,WP_008176466,-1.27053224663133,1.2737669354530465
WP_008291052,WP_008291052_A82G,-0.544979216247554,WP_008291052,-1.57048091859626,1.025501702348706
WP_008291052,WP_008291052_D72G,-0.995405503691244,WP_008291052,-1.57048091859626,0.575075414905016
WP_008291052,WP_008291052_E81K,-0.390602989807001,WP_008291052,-1.57048091859626,1.1798779287892591
WP_008291052,WP_008291052_G97V,0.588197189542873,WP_008291052,-1.57048091859626,2.1586781081391333
WP_008291052,WP_008291052_L106R,-0.895937790083338,WP_008291052,-1.57048091859626,0.6745431285129221
WP_008291052,WP_008291052_N149D,1.32666982675785,WP_008291052,-1.57048091859626,2.89715074535411
WP_008291052,WP_008291052_T115P,0.846038981669359,WP_008291052,-1.57048091859626,2.416519900265619
WP_008331172,WP_008331172_T2X,-0.642517083799799,WP_008331172,-1.0499709127165,0.407453828916701
WP_008342320,WP_008342320_A9V,-0.353266390306164,WP_008342320,-1.51700510020594,1.1637387098997758
WP_008342320,WP_008342320_L87M,-0.995381233058842,WP_008342320,-1.51700510020594,0.521623867147098
WP_008379636,WP_008379636_P129L,-0.732654285409018,WP_008379636,-1.49122212885781,0.758567843448792
WP_008463741,WP_008463741_S49X,1.14220613155247,WP_008463741,-2.09921899230809,3.24142512386056
WP_008474252,WP_008474252_A105E,-0.70904015732292,WP_008474252,-2.7512257863733,2.04218562905038
WP_008502023,WP_008502023_H114R,1.87887826138492,WP_008502023,-2.02665531020499,3.9055335715899098
WP_008502023,WP_008502023_H141Q,0.0038807571903007,WP_008502023,-2.02665531020499,2.030536067395291
WP_008587588,WP_008587588_N67T,0.737645884982454,WP_008587588,-2.62102904148128,3.358674926463734
WP_008618654,WP_008618654_D27N,-0.907972644374075,WP_008618654,-3.13552402741339,2.227551383039315
WP_008620392,WP_008620392_I102S,-0.692830639104186,WP_008620392,-2.16176402688002,1.468933387775834
WP_008620392,WP_008620392_R55X,0.325808852077663,WP_008620392,-2.16176402688002,2.4875728789576828
WP_008649934,WP_008649934_P161Q,0.137214678185392,WP_008649934,-1.57611854023492,1.713333218420312
WP_008649934,WP_008649934_P27X,-0.471799227656936,WP_008649934,-1.57611854023492,1.104319312577984
WP_008715045,WP_008715045_A125E,-0.0403154180632432,WP_008715045,-2.54603952747011,2.505724109406867
WP_008715045,WP_008715045_G143X,0.589273809478344,WP_008715045,-2.54603952747011,3.135313336948454
WP_008823150,WP_008823150_D148V,-0.868097093119291,WP_008823150,-2.03588963973491,1.167792546615619
WP_008823150,WP_008823150_H123P,-0.470141693845664,WP_008823150,-2.03588963973491,1.565747945889246
WP_008823150,WP_008823150_Q2K,0.530598260536802,WP_008823150,-2.03588963973491,2.566487900271712
WP_008823150,WP_008823150_T37M,-0.474273099677754,WP_008823150,-2.03588963973491,1.561616540057156
WP_008823150,WP_008823150_V126G,-0.560941518333786,WP_008823150,-2.03588963973491,1.474948121401124
WP_008865277,WP_008865277_G106V,-0.343514159951532,WP_008865277,-1.6322317843865,1.2887176244349678
WP_008867440,WP_008867440_M6I,-0.6396728667853,WP_008867440,-1.57510977105374,0.9354369042684401
WP_008867440,WP_008867440_N20D,-0.846593273370394,WP_008867440,-1.57510977105374,0.728516497683346
WP_008923989,WP_008923989_D139X,-0.647919141489322,WP_008923989,-2.69747378417397,2.0495546426846483
WP_008923989,WP_008923989_L30P,0.325808852077663,WP_008923989,-2.69747378417397,3.023282636251633
WP_008923989,WP_008923989_L85R,0.503543779074677,WP_008923989,-2.69747378417397,3.201017563248647
WP_008985437,WP_008985437_E112G,-0.913226531050839,WP_008985437,-1.39949864678071,0.48627211572987106
WP_009002429,WP_009002429_A65S,0.578297171840399,WP_009002429,-1.70731156529909,2.285608737139489
WP_009002429,WP_009002429_S6N,-0.932891666673469,WP_009002429,-1.70731156529909,0.774419898625621
WP_009033339,WP_009033339_A14S,0.191115732033421,WP_009033339,-1.53780945928607,1.728925191319491
WP_009033339,WP_009033339_K2N,-0.633118611858104,WP_009033339,-1.53780945928607,0.904690847427966
WP_009033339,WP_009033339_N18D,-0.655251594395813,WP_009033339,-1.53780945928607,0.882557864890257
WP_009033339,WP_009033339_N18H,-0.790572973084418,WP_009033339,-1.53780945928607,0.7472364862016521
WP_009033339,WP_009033339_P124Q,-0.68616171333005,WP_009033339,-1.53780945928607,0.85164774595602
WP_009142267,WP_009142267_E94D,-0.850991323723666,WP_009142267,-1.46961987957522,0.618628555851554
WP_009142267,WP_009142267_V15L,-0.228015049796859,WP_009142267,-1.46961987957522,1.241604829778361
WP_009248612,WP_009248612_A6X,0.0703300734980692,WP_009248612,-2.63648681181753,2.7068168853155994
WP_009279100,WP_009279100_C110G,-0.492133680688795,WP_009279100,-1.00827404505394,0.516140364365145
WP_009279100,WP_009279100_L107R,-0.777752907406934,WP_009279100,-1.00827404505394,0.230521137647006
WP_009320990,WP_009320990_E70K,-0.995176029110743,WP_009320990,-1.63842246864228,0.6432464395315369
WP_009435065,WP_009435065_D119E,-0.985962988233789,WP_009435065,-1.46611700842134,0.48015402018755093
WP_009524713,WP_009524713_I14T,0.101033399109893,WP_009524713,-1.8257636898005,1.9267970889103931
WP_009532045,WP_009532045_A111V,0.121417525807551,WP_009532045,-1.08858286802573,1.2100003938332808
WP_009532045,WP_009532045_G57V,-0.995842444909629,WP_009532045,-1.08858286802573,0.09274042311610087
WP_009532045,WP_009532045_R105S,-0.917818436906047,WP_009532045,-1.08858286802573,0.17076443111968287
WP_009532045,WP_009532045_R65X,-0.480771169649802,WP_009532045,-1.08858286802573,0.6078116983759279
WP_009554477,WP_009554477_A26V,-0.612144824082747,WP_009554477,-2.09887632092463,1.4867314968418832
WP_009664131,WP_009664131_N114K,-0.94104587302123,WP_009664131,-1.55037889790793,0.6093330248867
WP_009664131,WP_009664131_T150A,-0.996765311178283,WP_009664131,-1.55037889790793,0.553613586729647
WP_009665891,WP_009665891_V114F,-0.8257636898005,WP_009665891,-2.78668819867889,1.96092450887839
WP_010019881,WP_010019881_D17N,0.38298849455961,WP_010019881,-3.32850641209048,3.7114949066500897
WP_010171979,WP_010171979_G51V,-0.996119242809699,WP_010171979,-1.10824992853781,0.11213068572811102
WP_010171979,WP_010171979_L13M,-0.259153648643493,WP_010171979,-1.10824992853781,0.849096279894317
WP_010171979,WP_010171979_N11S,-0.559262068907275,WP_010171979,-1.10824992853781,0.548987859630535
WP_010171979,WP_010171979_P107S,-0.876761007192625,WP_010171979,-1.10824992853781,0.23148892134518506
WP_010171979,WP_010171979_R44H,0.325808852077663,WP_010171979,-1.10824992853781,1.434058780615473
WP_010171979,WP_010171979_T75M,-0.147691784687862,WP_010171979,-1.10824992853781,0.960558143849948
WP_010343017,WP_010343017_D27E,-0.995590856531225,WP_010343017,-2.80304361330042,1.807452756769195
WP_010619785,WP_010619785_P21S,-0.783793287003748,WP_010619785,-3.17988459286114,2.396091305857392
WP_010623466,WP_010623466_A3V,0.332869671739308,WP_010623466,-1.61300999103557,1.945879662774878
WP_010623466,WP_010623466_G15D,-0.633118611858104,WP_010623466,-1.61300999103557,0.9798913791774659
WP_010623466,WP_010623466_I2T,-0.410726190521656,WP_010623466,-1.61300999103557,1.202283800513914
WP_010623466,WP_010623466_T126A,-0.526203407941592,WP_010623466,-1.61300999103557,1.086806583093978
WP_010623466,WP_010623466_W22R,-0.433427970249057,WP_010623466,-1.61300999103557,1.1795820207865129
WP_010702643,WP_010702643_R67L,-0.295083410553028,WP_010702643,-2.93536476651414,2.640281355961112
WP_010737369,WP_010737369_R58L,-0.844116149364649,WP_010737369,-3.95575316677432,3.111637017409671
WP_010737369,WP_010737369_W22L,-0.996119242809699,WP_010737369,-3.95575316677432,2.9596339239646214
WP_010934590,WP_010934590_R44H,-0.605458985375231,WP_010934590,-1.00700721592533,0.40154823055009903
WP_010934590,WP_010934590_V106I,-0.995361183713949,WP_010934590,-1.00700721592533,0.011646032211381052
WP_011053671,WP_011053671_I96X,-0.928476660672689,WP_011053671,-1.20197400616155,0.27349734548886107
WP_011053671,WP_011053671_Q143R,-0.147691784687862,WP_011053671,-1.20197400616155,1.054282221473688
WP_011053671,WP_011053671_T36A,-0.47446522889602,WP_011053671,-1.20197400616155,0.72750877726553
WP_011053671,WP_011053671_W76L,1.77009926073856,WP_011053671,-1.20197400616155,2.97207326690011
WP_011066139,WP_011066139_S49G,2.46384076210607,WP_011066139,-2.47088262993682,4.934723392042891
WP_011144983,WP_011144983_F104C,-0.718727785676469,WP_011144983,-2.29222528682699,1.5734975011505208
WP_011144983,WP_011144983_M17L,-0.7239869865619,WP_011144983,-2.29222528682699,1.56823830026509
WP_011144983,WP_011144983_R58H,-0.411802810457127,WP_011144983,-2.29222528682699,1.880422476369863
WP_011160668,WP_011160668_L50P,2.17459500504439,WP_011160668,-1.83421301466485,4.00880801970924
WP_011160668,WP_011160668_Q125P,-0.732439057800458,WP_011160668,-1.83421301466485,1.101773956864392
WP_011165586,WP_011165586_Q18R,-0.778273993964925,WP_011165586,-1.50276979679838,0.7244958028334549
WP_011180948,WP_011180948_F114L,0.38298849455961,WP_011180948,-3.71849955553408,4.10148805009369
WP_011231267,WP_011231267_F102S,-0.995842444909629,WP_011231267,-3.41612694346875,2.4202844985591208
WP_011238316,WP_011238316_A92V,-0.974918866879475,WP_011238316,-1.24134096339631,0.2664220965168349
WP_011238316,WP_011238316_D140G,-0.0519278708459279,WP_011238316,-1.24134096339631,1.189413092550382
WP_011238316,WP_011238316_E104D,-0.881523241380877,WP_011238316,-1.24134096339631,0.35981772201543294
WP_011238316,WP_011238316_G43S,-0.682445297558528,WP_011238316,-1.24134096339631,0.5588956658377819
WP_011260171,WP_011260171_A14T,-0.5099544058886,WP_011260171,-2.7588230764895,2.2488686706009
WP_011260171,WP_011260171_L113M,-0.722704193337889,WP_011260171,-2.7588230764895,2.036118883151611
WP_011260171,WP_011260171_R11H,-0.674191147922337,WP_011260171,-2.7588230764895,2.084631928567163
WP_011285487,WP_011285487_T140A,-0.410510962913097,WP_011285487,-2.43317678794987,2.0226658250367726
WP_011297098,WP_011297098_T36A,-0.111490716914792,WP_011297098,-2.71474388627035,2.603253169355558
WP_011410284,WP_011410284_E88D,-0.995225163977619,WP_011410284,-1.6433792678,0.6481541038223811
WP_011497349,WP_011497349_F126H,-0.744047011936108,WP_011497349,-1.3879707964231,0.6439237844869921
WP_011497349,WP_011497349_F126V,-0.995193525321132,WP_011497349,-1.3879707964231,0.39277727110196803
WP_011497349,WP_011497349_I105S,-0.900143362712913,WP_011497349,-1.3879707964231,0.4878274337101871
WP_011497349,WP_011497349_Y102D,-0.836609632986193,WP_011497349,-1.3879707964231,0.5513611634369071
WP_011517149,WP_011517149_A104V,-0.888927240993117,WP_011517149,-1.99064183450736,1.101714593514243
WP_011517149,WP_011517149_A110S,-0.996119242809699,WP_011517149,-1.99064183450736,0.994522591697661
WP_011517149,WP_011517149_H145N,-0.0855046668287498,WP_011517149,-1.99064183450736,1.9051371676786102
WP_011517149,WP_011517149_I43V,-0.46500841199534,WP_011517149,-1.99064183450736,1.52563342251202
WP_011517149,WP_011517149_N19D,-0.533219428475624,WP_011517149,-1.99064183450736,1.457422406031736
WP_011520723,WP_011520723_G124X,-0.995842444909629,WP_011520723,-1.63451066693192,0.638668222022291
WP_011520723,WP_011520723_T139A,2.50706485490477,WP_011520723,-1.63451066693192,4.14157552183669
WP_011576454,WP_011576454_G17V,0.455801021787313,WP_011576454,-1.35548021419064,1.8112812359779529
WP_011576454,WP_011576454_N19X,-0.465467504340094,WP_011576454,-1.35548021419064,0.8900127098505459
WP_011576454,WP_011576454_N69D,-0.338156478249531,WP_011576454,-1.35548021419064,1.017323735941109
WP_011576454,WP_011576454_P23S,0.704916589446972,WP_011576454,-1.35548021419064,2.060396803637612
WP_011581087,WP_011581087_H119N,-0.914248291415921,WP_011581087,-1.76300978256414,0.848761491148219
WP_011667559,WP_011667559_L54P,0.740846351356507,WP_011667559,-2.17712748460198,2.917973835958487
WP_011673473,WP_011673473_A84T,-0.343220695617767,WP_011673473,-1.98113528128857,1.637914585670803
WP_011679544,WP_011679544_A100V,-0.351109162545733,WP_011679544,-1.33248535661408,0.981376194068347
WP_011679544,WP_011679544_A103P,-0.470141693845664,WP_011679544,-1.33248535661408,0.862343662768416
WP_011679544,WP_011679544_T119X,-0.0624954289173782,WP_011679544,-1.33248535661408,1.2699899276967017
WP_011679544,WP_011679544_V77I,-0.973527869492335,WP_011679544,-1.33248535661408,0.3589574871217449
