group_id,observable_count,shots,seed,replicate,coefficient_weighted_group_mean_hartree,c_transpose_covariance_c_hartree_squared,variance_of_group_mean_hartree_squared
WT_TMP_G0001,25,100,102,1,-1.0340728520882319,0.0003633319480826621,3.633319480826621e-06
WT_TMP_G0002,29,100,102,1,-1.5355354461891821,4.569193616089185e-06,4.5691936160891846e-08
WT_TMP_G0003,48,100,102,1,-0.2615257279324031,0.0003158535179659812,3.158535179659812e-06
WT_TMP_G0004,6,100,102,1,-0.018175724656979933,5.24623433104028e-08,5.24623433104028e-10
WT_TMP_G0005,23,100,102,1,0.11194242430818246,1.0893478103925823e-05,1.0893478103925823e-07
WT_TMP_G0006,23,100,102,1,-0.030854319846694907,2.0450491443118926e-05,2.0450491443118926e-07
WT_TMP_G0007,13,100,102,1,-0.003502716888987521,0.00038016379474757205,3.8016379474757207e-06
WT_TMP_G0008,16,100,102,1,0.10636460082428653,2.0482865058764426e-07,2.0482865058764427e-09
WT_TMP_G0009,11,100,102,1,0.010162121545896829,2.6436852047014953e-05,2.643685204701495e-07
WT_TMP_G0010,3,100,102,1,-0.005538139185848714,0.0002643694846459053,2.6436948464590532e-06
WT_TMP_G0011,5,100,102,1,-0.0002861253762195069,1.0014722605765173e-06,1.0014722605765173e-08
WT_TMP_G0012,3,100,102,1,-3.424445428639733e-07,5.162505854050628e-11,5.162505854050628e-13
WT_TMP_G0013,19,100,102,1,0.00040076092743414717,0.00010441754751909037,1.0441754751909036e-06
WT_TMP_G0014,9,100,102,1,1.6676848201502837e-05,5.471132397491026e-07,5.471132397491025e-09
WT_TMP_G0015,11,100,102,1,0.028689901293406275,8.06911726188981e-06,8.069117261889809e-08
WT_TMP_G0016,9,100,102,1,0.00019037854226373332,0.00031531108566228676,3.1531108566228677e-06
WT_TMP_G0017,12,100,102,1,-0.03085026587997057,1.2430937918053182e-20,1.2430937918053183e-22
WT_TMP_G0018,5,100,102,1,-2.024703190960195e-06,4.0195788207523353e-08,4.0195788207523356e-10
WT_TMP_G0019,13,100,102,1,-0.06455003520849875,1.2430936364211261e-20,1.243093636421126e-22
WT_TMP_G0020,24,100,102,1,-0.00011367473789276796,1.2287865419942632e-05,1.2287865419942632e-07
WT_TMP_G0021,16,100,102,1,0.0007264155068914526,0.00043355933443351243,4.335593344335124e-06
WT_TMP_G0022,5,100,102,1,-0.0006270560241321013,3.4848699386596653e-06,3.484869938659665e-08
WT_TMP_G0023,16,100,102,1,9.325445733976667e-05,1.672153606927422e-05,1.672153606927422e-07
WT_TMP_G0024,15,100,102,1,0.0003879439809117369,1.0906454084875023e-05,1.0906454084875023e-07
WT_TMP_G0025,13,100,102,1,-0.00018441169642795152,2.2310751198300316e-05,2.2310751198300316e-07
WT_TMP_G0026,9,100,102,1,-0.0009389481370923202,0.0002786086380229532,2.7860863802295324e-06
WT_TMP_G0027,15,100,102,1,0.000374013860673799,9.532700336536965e-05,9.532700336536965e-07
WT_TMP_G0028,4,100,102,1,3.442602785823631e-05,1.8631424295771235e-07,1.8631424295771235e-09
WT_TMP_G0029,4,100,102,1,1.1022168713282627e-05,2.0819879453363845e-08,2.0819879453363844e-10
WT_TMP_G0030,16,100,102,1,0.00032563055795012717,0.00032901252188349665,3.2901252188349664e-06
WT_TMP_G0031,11,100,102,1,0.00011842078190186065,3.3161187016688205e-06,3.31611870166882e-08
WT_TMP_G0032,5,100,102,1,2.2092586949223502e-05,2.4911444834031616e-07,2.4911444834031615e-09
WT_TMP_G0033,5,100,102,1,9.166762742207895e-07,7.472828246369888e-08,7.472828246369888e-10
WT_TMP_G0034,5,100,102,1,-2.064884287206158e-05,1.8453000681541564e-07,1.8453000681541563e-09
WT_TMP_G0035,12,100,102,1,-5.3024716087545874e-05,1.9170123804380465e-06,1.9170123804380466e-08
WT_TMP_G0036,18,100,102,1,-0.0001068239843067112,5.141192029649714e-06,5.141192029649714e-08
WT_TMP_G0037,10,100,102,1,-0.00022145336881427343,3.4163940135681455e-06,3.416394013568145e-08
WT_TMP_G0038,21,100,102,1,-4.846666746485851e-05,1.771593238447156e-06,1.771593238447156e-08
WT_TMP_G0039,4,100,102,1,-2.8014272987561192e-05,7.827198281370959e-08,7.827198281370959e-10
WT_TMP_G0040,8,100,102,1,-0.0005087726152750889,7.1005760005935e-05,7.1005760005935e-07
WT_TMP_G0041,2,100,102,1,-0.0005547303469120196,2.1271048398798126e-05,2.1271048398798125e-07
WT_TMP_G0042,8,100,102,1,8.031819665720831e-05,1.1384696124438187e-06,1.1384696124438187e-08
WT_TMP_G0043,4,100,102,1,0.00045432707159426174,2.1421821045916924e-05,2.1421821045916924e-07
WT_TMP_G0044,7,100,102,1,-7.0069294030463164e-06,7.003906064555224e-08,7.003906064555224e-10
WT_TMP_G0045,4,100,102,1,-2.76897752009574e-06,2.7584958904348753e-08,2.7584958904348755e-10
WT_TMP_G0046,11,100,102,1,-8.599508435531161e-05,2.1013664283815715e-06,2.1013664283815714e-08
WT_TMP_G0047,9,100,102,1,1.7664881840165977e-06,3.1985051950974704e-10,3.1985051950974705e-12
WT_TMP_G0048,2,100,102,1,1.3073928184228431e-05,8.696861738884914e-09,8.696861738884915e-11
WT_TMP_G0049,7,100,102,1,-0.0022106019954354957,0.0003443558770151361,3.443558770151361e-06
WT_TMP_G0050,7,100,102,1,-8.099121432681198e-06,8.930856265607599e-07,8.930856265607598e-09
WT_TMP_G0051,5,100,102,1,-8.076876395257247e-06,3.423332072940429e-07,3.423332072940429e-09
WT_TMP_G0052,3,100,102,1,-1.8525552892423467e-05,1.045291406552214e-06,1.045291406552214e-08
WT_TMP_G0053,5,100,102,1,0.00012673643443485573,1.1403497787889782e-06,1.1403497787889782e-08
WT_TMP_G0054,4,100,102,1,0.00020754621219539688,1.2036566303587551e-06,1.2036566303587551e-08
WT_TMP_G0055,19,100,102,1,-6.557500144493852e-05,8.900642607196323e-07,8.900642607196322e-09
WT_TMP_G0056,4,100,102,1,-7.099515307514583e-08,4.525003305454689e-12,4.525003305454689e-14
WT_TMP_G0057,11,100,102,1,-0.0012767887215328392,1.5943520941662206e-05,1.5943520941662206e-07
WT_TMP_G0058,3,100,102,1,-2.065204593712207e-07,9.289137670994781e-08,9.28913767099478e-10
WT_TMP_G0059,4,100,102,1,2.159999015968138e-05,2.923270585750474e-07,2.9232705857504737e-09
WT_TMP_G0060,10,100,102,1,0.12648090288370714,4.129848945546292e-06,4.129848945546292e-08
WT_TMP_G0061,7,100,102,1,-4.644086592493487e-05,8.21824381517381e-07,8.21824381517381e-09
WT_TMP_G0062,4,100,102,1,1.9189613386369107e-05,2.4404502278002016e-07,2.4404502278002014e-09
WT_TMP_G0063,1,100,102,1,1.2612922977475912e-08,4.0157119117506476e-13,4.0157119117506476e-15
WT_TMP_G0064,5,100,102,1,0.00019080828584512008,3.157231506786153e-06,3.157231506786153e-08
WT_TMP_G0065,6,100,102,1,0.0002043009251381661,1.2084282850785443e-06,1.2084282850785442e-08
WT_TMP_G0066,6,100,102,1,0.0001251545294616006,1.1643096725780387e-06,1.1643096725780387e-08
WT_TMP_G0067,4,100,102,1,1.1329681765074028e-06,8.432886812488758e-08,8.432886812488758e-10
WT_TMP_G0068,4,100,102,1,5.296562740158436e-05,2.9760456058981614e-07,2.9760456058981614e-09
WT_TMP_G0069,9,100,102,1,3.9707512474984635e-07,1.117485837395444e-08,1.117485837395444e-10
WT_TMP_G0070,8,100,102,1,1.1648643027630818e-05,7.599901036701469e-08,7.599901036701469e-10
WT_TMP_G0071,6,100,102,1,-9.694862491742196e-07,3.1508048646540913e-10,3.1508048646540912e-12
WT_TMP_G0072,2,100,102,1,1.1891864328106238e-07,1.4389202194235525e-09,1.4389202194235525e-11
WT_TMP_G0073,8,100,102,1,5.834273052038467e-06,1.3823153893406414e-06,1.3823153893406414e-08
WT_TMP_G0074,5,100,102,1,5.4399052916531554e-05,5.65804565282671e-08,5.65804565282671e-10
WT_TMP_G0075,2,100,102,1,6.479952552378289e-06,1.6446010389935395e-09,1.6446010389935396e-11
WT_TMP_G0076,5,100,102,1,7.981374795118384e-06,6.569698057651279e-09,6.569698057651279e-11
WT_TMP_G0077,3,100,102,1,5.4325591626006075e-06,6.104421923707435e-09,6.104421923707435e-11
WT_TMP_G0078,11,100,102,1,7.858728306698383e-05,3.0594560194748003e-07,3.0594560194748004e-09
WT_TMP_G0079,3,100,102,1,2.3487866789880825e-05,5.886020045394454e-08,5.886020045394454e-10
WT_TMP_G0080,5,100,102,1,-0.0009866466653666174,3.444405633492998e-05,3.444405633492998e-07
WT_TMP_G0081,9,100,102,1,7.743289438201591e-06,3.1569255974224892e-06,3.156925597422489e-08
WT_TMP_G0082,1,100,102,1,1.7377673772314994e-07,8.442660072175959e-12,8.44266007217596e-14
WT_TMP_G0083,3,100,102,1,0.0001140047651714693,8.962203567712173e-07,8.962203567712173e-09
WT_TMP_G0084,11,100,102,1,-4.429634529188112e-11,1.2367593057371276e-18,1.2367593057371277e-20
WT_TMP_G0085,8,100,102,1,3.863601117215503e-05,9.331492565638999e-07,9.331492565639e-09
WT_TMP_G0086,2,100,102,1,-2.93446866760297e-06,1.3723611392724877e-09,1.3723611392724878e-11
WT_TMP_G0087,7,100,102,1,-8.85901456200875e-05,4.194727380607996e-06,4.194727380607996e-08
WT_TMP_G0088,2,100,102,1,2.9769072836589394e-07,7.255694124931046e-11,7.255694124931045e-13
WT_TMP_G0089,9,100,102,1,1.561652259029182e-05,8.332500133395936e-07,8.332500133395935e-09
WT_TMP_G0090,3,100,102,1,4.668282273147554e-08,7.631856562444413e-08,7.631856562444413e-10
WT_TMP_G0091,6,100,102,1,5.0058494295809207e-05,2.4916058623826714e-07,2.4916058623826714e-09
WT_TMP_G0092,4,100,102,1,1.097900638947157e-05,7.615449790841049e-08,7.615449790841049e-10
WT_TMP_G0093,7,100,102,1,-0.0004889537248281916,1.5006645893881012e-05,1.5006645893881011e-07
WT_TMP_G0094,2,100,102,1,-1.5201630890721682e-06,1.2030924785588883e-10,1.2030924785588883e-12
WT_TMP_G0095,10,100,102,1,-0.0004810710096098713,1.3421207435247428e-05,1.3421207435247427e-07
WT_TMP_G0096,3,100,102,1,-1.8600320377215027e-06,8.231852750723357e-10,8.231852750723357e-12
WT_TMP_G0097,5,100,102,1,-3.682546013056124e-05,6.292811379678063e-08,6.292811379678063e-10
WT_TMP_G0098,5,100,102,1,-6.774260773278087e-06,5.266952362250566e-08,5.266952362250566e-10
WT_TMP_G0099,1,100,102,1,1.6233295839582488e-06,1.0131541372069596e-10,1.0131541372069595e-12
WT_TMP_G0100,9,100,102,1,-0.0005264869935736898,7.678850618264554e-06,7.678850618264554e-08
WT_TMP_G0101,2,100,102,1,5.309837545870431e-05,4.4537273715204824e-07,4.453727371520482e-09
WT_TMP_G0102,1,100,102,1,5.625545410065709e-07,3.164676116071137e-11,3.164676116071137e-13
WT_TMP_G0103,8,100,102,1,7.547177309062538e-05,1.5839285911851348e-06,1.5839285911851348e-08
WT_TMP_G0104,4,100,102,1,2.3171651913305855e-05,7.654785929313448e-08,7.654785929313447e-10
WT_TMP_G0105,3,100,102,1,5.633462637417413e-05,2.9691602722218757e-07,2.9691602722218757e-09
WT_TMP_G0106,4,100,102,1,-5.091412454147501e-05,2.3299124419303387e-07,2.329912441930339e-09
WT_TMP_G0107,2,100,102,1,-1.6976460961019568e-07,3.508206796954486e-10,3.508206796954486e-12
WT_TMP_G0108,4,100,102,1,-5.372810766110846e-05,8.070215423391739e-07,8.07021542339174e-09
WT_TMP_G0109,7,100,102,1,-1.1800852371338901e-06,1.2417051839074283e-06,1.2417051839074283e-08
WT_TMP_G0110,2,100,102,1,9.245038414125686e-05,2.1573609884053916e-05,2.1573609884053915e-07
WT_TMP_G0111,7,100,102,1,1.9327647568436557e-05,1.8634921488503744e-07,1.8634921488503745e-09
WT_TMP_G0112,3,100,102,1,6.681553754370758e-06,1.8231573107551904e-09,1.8231573107551905e-11
WT_TMP_G0113,3,100,102,1,-2.1409468383012694e-05,7.57977823941494e-08,7.579778239414939e-10
WT_TMP_G0114,5,100,102,1,-0.0007337925915854066,0.0002948160720046386,2.9481607200463863e-06
WT_TMP_G0115,4,100,102,1,4.01559374083588e-06,5.439779158856231e-07,5.439779158856231e-09
WT_TMP_G0116,5,100,102,1,1.0953631421253938e-06,2.03645994621592e-07,2.0364599462159202e-09
WT_TMP_G0117,6,100,102,1,-0.00047757232911304953,7.003369539690614e-05,7.003369539690614e-07
WT_TMP_G0118,5,100,102,1,5.382691750792264e-06,3.608770428417262e-07,3.6087704284172616e-09
WT_TMP_G0119,3,100,102,1,-1.3596394909486858e-06,9.956126937825591e-11,9.956126937825591e-13
WT_TMP_G0120,5,100,102,1,1.4954139027860538e-05,7.640444052586382e-08,7.640444052586381e-10
WT_TMP_G0121,4,100,102,1,-2.3415807874748264e-07,7.619971355164253e-08,7.619971355164253e-10
WT_TMP_G0122,4,100,102,1,2.7836786976107796e-06,4.064691680588605e-09,4.064691680588605e-11
WT_TMP_G0123,4,100,102,1,3.9142981938368194e-05,7.99621411304319e-08,7.99621411304319e-10
WT_TMP_G0124,9,100,102,1,-5.559840220239487e-05,1.0535119701158048e-06,1.0535119701158048e-08
WT_TMP_G0125,5,100,102,1,9.933760504515341e-06,1.7970162814030137e-09,1.7970162814030137e-11
WT_TMP_G0126,2,100,102,1,-2.2142232002944145e-06,1.3776436042928977e-09,1.3776436042928977e-11
WT_TMP_G0127,1,100,102,1,-3.249826843641496e-08,4.0605284588475916e-14,4.0605284588475917e-16
WT_TMP_G0128,2,100,102,1,8.136114378148942e-08,4.245303579168279e-13,4.2453035791682794e-15
WT_TMP_G0129,4,100,102,1,-7.554864304247771e-05,2.840117401743507e-07,2.840117401743507e-09
WT_TMP_G0130,3,100,102,1,-1.6139663394075932e-06,6.264598457508947e-10,6.2645984575089466e-12
WT_TMP_G0131,4,100,102,1,4.7629020286935286e-05,9.933977513812016e-08,9.933977513812016e-10
WT_TMP_G0132,4,100,102,1,-5.559073592627755e-05,1.1747578589154328e-07,1.1747578589154328e-09
WT_TMP_G0133,2,100,102,1,-9.380165062576222e-06,8.78677049883346e-09,8.78677049883346e-11
WT_TMP_G0134,2,100,102,1,-7.381463114246288e-06,3.817952542775475e-08,3.8179525427754746e-10
WT_TMP_G0135,5,100,102,1,-5.787267025630196e-06,8.280325028679986e-09,8.280325028679986e-11
WT_TMP_G0136,4,100,102,1,-1.00745380543571e-06,8.784645951634501e-11,8.784645951634501e-13
WT_TMP_G0137,3,100,102,1,1.0109917861633575e-06,2.210938600924217e-09,2.210938600924217e-11
WT_TMP_G0138,3,100,102,1,4.5126892985916645e-05,5.026647507204363e-07,5.026647507204363e-09
WT_TMP_G0139,4,100,102,1,5.218338161183175e-06,2.4615973305175815e-08,2.4615973305175816e-10
WT_TMP_G0140,1,100,102,1,-3.3172840502554774e-07,2.6677269018374277e-12,2.6677269018374277e-14
WT_TMP_G0141,2,100,102,1,-1.1018763865319202e-07,1.796754122372969e-11,1.7967541223729692e-13
WT_TMP_G0142,3,100,102,1,-4.620665105422114e-07,1.3505822080255043e-10,1.3505822080255044e-12
WT_TMP_G0143,1,100,102,1,-8.646474100322581e-07,1.172396475309294e-10,1.172396475309294e-12
WT_TMP_G0144,3,100,102,1,1.2223437186692707e-06,9.250627371659954e-11,9.250627371659954e-13
WT_TMP_G0145,1,100,102,1,1.2713313406034547e-07,4.079891071337218e-11,4.079891071337218e-13
WT_TMP_G0146,8,100,102,1,-2.058468741345696e-06,1.5258741105337833e-09,1.5258741105337833e-11
WT_TMP_G0147,1,100,102,1,-1.0917065792052837e-07,7.5120980926261e-12,7.5120980926261e-14
WT_TMP_G0148,5,100,102,1,-2.4051444329750596e-05,3.0223305106848794e-07,3.0223305106848793e-09
WT_TMP_G0149,3,100,102,1,8.933699108963376e-07,7.397823936412538e-11,7.397823936412538e-13
WT_TMP_G0150,2,100,102,1,4.774553094811668e-06,3.666324773429921e-09,3.666324773429921e-11
WT_TMP_G0151,4,100,102,1,-3.7074196398388164e-05,2.2017153244625362e-08,2.2017153244625363e-10
WT_TMP_G0152,2,100,102,1,1.2414937723545934e-06,5.928080668085041e-11,5.928080668085041e-13
WT_TMP_G0153,4,100,102,1,-4.7428443791545275e-06,3.3380598393892955e-09,3.338059839389295e-11
WT_TMP_G0154,4,100,102,1,-2.1596523918344944e-05,2.9367354389340964e-07,2.936735438934096e-09
WT_TMP_G0155,9,100,102,1,-2.6545966586811083e-07,1.1050794454531415e-11,1.1050794454531414e-13
WT_TMP_G0156,3,100,102,1,-5.205901418155188e-07,1.4061146509250321e-11,1.4061146509250322e-13
WT_TMP_G0157,3,100,102,1,-1.1989338843392068e-06,6.693453134019995e-09,6.693453134019995e-11
WT_TMP_G0158,3,100,102,1,-5.746453249129625e-06,3.1698543525088114e-09,3.169854352508812e-11
WT_TMP_G0159,3,100,102,1,-3.202237838383834e-06,1.0100576451641934e-09,1.0100576451641933e-11
WT_TMP_G0160,3,100,102,1,6.071652751020532e-05,5.956627754359943e-07,5.956627754359943e-09
WT_TMP_G0161,3,100,102,1,-0.00023417370950602816,3.4564857188477645e-05,3.4564857188477645e-07
WT_TMP_G0162,3,100,102,1,-9.206809938701105e-07,9.349045264442527e-11,9.349045264442527e-13
WT_TMP_G0163,2,100,102,1,-9.192863110879327e-08,3.8190829594797435e-12,3.819082959479743e-14
WT_TMP_G0164,2,100,102,1,8.983169549212531e-09,2.1315595032007536e-10,2.1315595032007535e-12
WT_TMP_G0165,1,100,102,1,-2.004632970615053e-08,2.778259104013681e-14,2.778259104013681e-16
WT_TMP_G0166,2,100,102,1,6.6720395356056105e-06,2.480328371476287e-09,2.480328371476287e-11
WT_TMP_G0167,2,100,102,1,4.496888207194621e-07,8.168246933382931e-10,8.16824693338293e-12
WT_TMP_G0168,1,100,102,1,1.7207980017487104e-07,1.8664191474759097e-11,1.8664191474759098e-13
WT_TMP_G0169,3,100,102,1,7.280637687053807e-05,3.6929524253875796e-07,3.6929524253875797e-09
WT_TMP_G0170,4,100,102,1,-1.9515099696610757e-06,1.0549674428606871e-10,1.0549674428606872e-12
WT_TMP_G0171,2,100,102,1,1.6679614282208954e-06,1.169125252548403e-10,1.169125252548403e-12
WT_TMP_G0172,3,100,102,1,-1.951082166322899e-06,1.0289989133637858e-09,1.0289989133637858e-11
WT_TMP_G0173,4,100,102,1,3.2380782055767773e-06,4.8562078834131625e-09,4.856207883413163e-11
WT_TMP_G0174,2,100,102,1,-1.709947364608193e-05,1.019325004478513e-07,1.0193250044785129e-09
WT_TMP_G0175,11,100,102,1,1.776385575663836e-11,1.2132117042151279e-20,1.2132117042151278e-22
WT_TMP_G0176,2,100,102,1,-1.3851583438914233e-06,3.230166796056148e-11,3.2301667960561475e-13
WT_TMP_G0177,1,100,102,1,-2.349895674743652e-06,3.817685706197773e-10,3.817685706197773e-12
WT_TMP_G0178,1,100,102,1,1.800307098852238e-08,8.181336383630533e-13,8.181336383630532e-15
WT_TMP_G0179,3,100,102,1,-3.2099645254290833e-07,1.2248914035295117e-10,1.2248914035295117e-12
WT_TMP_G0180,2,100,102,1,6.986706717825594e-07,6.108732924124761e-10,6.108732924124761e-12
WT_TMP_G0181,3,100,102,1,-1.3077564102580353e-06,1.323284011831583e-09,1.3232840118315831e-11
WT_TMP_G0182,3,100,102,1,3.9965403981875247e-07,3.706754597594458e-11,3.706754597594458e-13
WT_TMP_G0183,4,100,102,1,-7.344147317612569e-07,7.54437276474335e-11,7.54437276474335e-13
WT_TMP_G0184,2,100,102,1,8.932378022983654e-06,6.042617052030543e-08,6.042617052030543e-10
WT_TMP_G0185,2,100,102,1,-3.897722919179403e-06,2.4296427308790563e-09,2.4296427308790563e-11
WT_TMP_G0186,4,100,102,1,6.193337287357757e-07,1.6211625141789576e-09,1.6211625141789577e-11
WT_TMP_G0187,1,100,102,1,0.0,7.52413671136428e-12,7.52413671136428e-14
WT_TMP_G0188,3,100,102,1,7.796666149609133e-07,2.50714878288335e-10,2.50714878288335e-12
WT_TMP_G0189,2,100,102,1,-4.401550702405072e-08,4.1070438180884015e-12,4.107043818088402e-14
WT_TMP_G0190,4,100,102,1,4.203174630923977e-06,2.6305630676549744e-08,2.6305630676549744e-10
WT_TMP_G0191,2,100,102,1,0.00023063680386907292,3.454398043002319e-05,3.454398043002319e-07
WT_TMP_G0192,4,100,102,1,-1.7594198062531516e-06,6.436163898412662e-10,6.436163898412661e-12
WT_TMP_G0193,2,100,102,1,-2.4120298237867532e-06,1.7568431455164903e-10,1.7568431455164903e-12
WT_TMP_G0194,2,100,102,1,-1.1684916610186507e-05,3.790793157294366e-08,3.790793157294366e-10
WT_TMP_G0195,2,100,102,1,-2.8992174434862452e-08,1.1130859696917188e-10,1.1130859696917188e-12
WT_TMP_G0196,2,100,102,1,5.558484600828893e-07,2.149040597552156e-10,2.149040597552156e-12
WT_TMP_G0197,3,100,102,1,-6.514714970683177e-07,7.048339100206583e-05,7.048339100206583e-07
WT_TMP_G0198,1,100,102,1,-1.0090338381980734e-07,3.914475477000631e-13,3.914475477000631e-15
WT_TMP_G0199,3,100,102,1,-4.0613955583898903e-07,5.520408151631356e-08,5.520408151631355e-10
WT_TMP_G0200,2,100,102,1,1.526998533259908e-07,7.942513694813013e-12,7.942513694813013e-14
WT_TMP_G0201,4,100,102,1,1.0469579113297936e-05,6.729165554807076e-09,6.729165554807076e-11
WT_TMP_G0202,2,100,102,1,-1.364001227058266e-07,1.7709688971393094e-11,1.7709688971393093e-13
WT_TMP_G0203,4,100,102,1,8.923071380044256e-06,8.005095221036539e-08,8.005095221036539e-10
WT_TMP_G0204,1,100,102,1,1.699971752511024e-06,1.4601431878645773e-10,1.4601431878645773e-12
WT_TMP_G0205,2,100,102,1,-1.533733820057512e-05,5.92606063269268e-07,5.92606063269268e-09
WT_TMP_G0206,2,100,102,1,8.289244484731252e-07,2.2622928163070846e-10,2.2622928163070847e-12
WT_TMP_G0207,1,100,102,1,1.3023586063243395e-06,1.0690808830580356e-09,1.0690808830580356e-11
WT_TMP_G0208,2,100,102,1,-1.5456889921003197e-05,1.6365853262533867e-08,1.6365853262533868e-10
WT_TMP_G0209,3,100,102,1,-4.55739373135169e-06,9.417218116227016e-08,9.417218116227016e-10
WT_TMP_G0210,3,100,102,1,-0.00026872067609937886,3.5923035092805477e-06,3.5923035092805474e-08
WT_TMP_G0211,2,100,102,1,2.3345867834709157e-06,1.4815129548022075e-09,1.4815129548022074e-11
WT_TMP_G0212,3,100,102,1,1.955730339039568e-05,2.416164441367667e-07,2.416164441367667e-09
WT_TMP_G0213,2,100,102,1,-2.65209207391365e-07,2.079634755333424e-12,2.079634755333424e-14
WT_TMP_G0214,2,100,102,1,-3.352955550368496e-06,1.6281183160462966e-09,1.6281183160462966e-11
WT_TMP_G0215,3,100,102,1,4.83838373649206e-06,2.4377605831489715e-08,2.4377605831489716e-10
WT_TMP_G0216,1,100,102,1,4.0657581468206415e-22,2.4411558154612143e-09,2.4411558154612145e-11
WT_TMP_G0217,3,100,102,1,5.63233657693586e-07,2.0576120198088094e-10,2.0576120198088093e-12
WT_TMP_G0218,3,100,102,1,3.1399821032258533e-06,1.0804380287290326e-09,1.0804380287290326e-11
WT_TMP_G0219,3,100,102,1,1.3744939568460677e-05,1.0677091423201397e-08,1.0677091423201397e-10
WT_TMP_G0220,3,100,102,1,2.9164807493790862e-05,5.866540329206985e-07,5.866540329206985e-09
WT_TMP_G0221,2,100,102,1,-0.00018419705328040484,4.718572093531687e-07,4.7185720935316875e-09
WT_TMP_G0222,5,100,102,1,1.6356811535968664e-06,5.206942511417913e-07,5.206942511417913e-09
WT_TMP_G0223,2,100,102,1,-6.52032913919775e-06,7.832626155208848e-10,7.832626155208848e-12
WT_TMP_G0224,3,100,102,1,-1.128677837495036e-05,6.404061172027818e-08,6.404061172027818e-10
WT_TMP_G0225,3,100,102,1,3.772658877102654e-06,1.136662482155084e-09,1.136662482155084e-11
WT_TMP_G0226,3,100,102,1,-2.3496550623430318e-07,2.5682101200979033e-11,2.568210120097903e-13
WT_TMP_G0227,5,100,102,1,2.9519806212301776e-05,4.4729769270675877e-07,4.472976927067588e-09
WT_TMP_G0228,2,100,102,1,-7.769852735642557e-08,7.524735091937894e-13,7.524735091937894e-15
WT_TMP_G0229,2,100,102,1,-7.141536408804148e-07,1.882832631585368e-10,1.8828326315853677e-12
WT_TMP_G0230,10,100,102,1,4.247535045064643e-05,5.043940618630667e-07,5.043940618630667e-09
WT_TMP_G0231,2,100,102,1,1.3971867431631934e-08,9.19192748202767e-12,9.19192748202767e-14
WT_TMP_G0232,3,100,102,1,-2.2703141903159968e-05,7.499911615648315e-08,7.499911615648314e-10
WT_TMP_G0233,2,100,102,1,1.3441498629996956e-06,7.996374113643337e-10,7.996374113643337e-12
WT_TMP_G0234,2,100,102,1,4.370740545159547e-06,1.8303963419270395e-09,1.8303963419270395e-11
WT_TMP_G0235,1,100,102,1,-9.00153549426119e-08,8.102764125444405e-13,8.102764125444405e-15
WT_TMP_G0236,2,100,102,1,6.393502423562915e-07,3.4327208527769847e-10,3.4327208527769847e-12
WT_TMP_G0237,1,100,102,1,-7.97599210227344e-07,6.361645001552828e-11,6.361645001552827e-13
WT_TMP_G0238,3,100,102,1,4.151188892927559e-06,1.5825484808119714e-09,1.5825484808119714e-11
WT_TMP_G0239,3,100,102,1,6.837878950836432e-07,3.191875271510053e-11,3.191875271510053e-13
WT_TMP_G0240,1,100,102,1,7.285593225047243e-07,1.4839725340557581e-10,1.483972534055758e-12
WT_TMP_G0241,2,100,102,1,0.0,2.7822381155068773e-06,2.7822381155068772e-08
WT_TMP_G0242,7,100,102,1,1.1054256394998387e-05,1.2219658444636272e-08,1.2219658444636273e-10
WT_TMP_G0243,2,100,102,1,2.604717212648679e-06,6.4271154322302255e-09,6.427115432230225e-11
WT_TMP_G0244,2,100,102,1,2.1807829345425137e-06,1.6594743558137682e-09,1.659474355813768e-11
WT_TMP_G0245,2,100,102,1,-1.1118925380685773e-07,5.009793262661273e-07,5.009793262661273e-09
WT_TMP_G0246,2,100,102,1,1.0699747232083982e-07,7.140513681950758e-13,7.140513681950757e-15
WT_TMP_G0247,1,100,102,1,-1.1719976548109444e-07,4.143517144871448e-13,4.143517144871448e-15
WT_TMP_G0248,1,100,102,1,3.785849790824582e-07,4.0070317249122495e-11,4.0070317249122493e-13
WT_TMP_G0249,2,100,102,1,8.460171137467245e-07,1.6805814962575165e-09,1.6805814962575165e-11
WT_TMP_G0250,2,100,102,1,5.53598266062683e-07,2.1329692929669976e-11,2.1329692929669975e-13
WT_TMP_G0251,2,100,102,1,3.2213729444863925e-05,2.932144513354755e-07,2.9321445133547553e-09
WT_TMP_G0252,2,100,102,1,-3.2161579979292695e-06,1.6262577941144599e-09,1.62625779411446e-11
WT_TMP_G0253,3,100,102,1,3.6048875002940703e-06,2.5291455610967554e-10,2.5291455610967554e-12
WT_TMP_G0254,1,100,102,1,8.801417311336753e-09,1.2147912094301323e-14,1.2147912094301324e-16
WT_TMP_G0255,1,100,102,1,5.987323462826106e-07,1.3782485940240762e-11,1.3782485940240762e-13
WT_TMP_G0256,3,100,102,1,-0.00015490577068810076,4.847499076344987e-07,4.847499076344987e-09
WT_TMP_G0257,1,100,102,1,-4.7206743345824554e-07,1.1259526260663304e-11,1.1259526260663304e-13
WT_TMP_G0258,1,100,102,1,-3.0209860924565773e-05,9.126356970816057e-08,9.126356970816057e-10
WT_TMP_G0259,1,100,102,1,-3.3753272460394255e-07,3.185134628336646e-11,3.185134628336646e-13
WT_TMP_G0260,2,100,102,1,-6.409285477772413e-06,1.1484583656110061e-08,1.1484583656110061e-10
WT_TMP_G0261,3,100,102,1,3.328182089016384e-07,9.510176490829508e-11,9.510176490829507e-13
WT_TMP_G0262,1,100,102,1,4.4420031033461775e-08,1.3641455900341678e-13,1.3641455900341678e-15
WT_TMP_G0263,4,100,102,1,-1.89072433906356e-05,6.76558407313775e-08,6.76558407313775e-10
WT_TMP_G0264,2,100,102,1,7.463104081017002e-06,8.809168097591669e-09,8.809168097591669e-11
WT_TMP_G0265,2,100,102,1,2.1844202504138275e-06,2.2921055947630864e-10,2.2921055947630863e-12
WT_TMP_G0266,1,100,102,1,5.883242380330531e-07,2.1816389419361187e-10,2.1816389419361185e-12
WT_TMP_G0267,3,100,102,1,-2.106744507464234e-06,1.868122625785751e-09,1.8681226257857507e-11
WT_TMP_G0268,2,100,102,1,-4.3955363053314755e-07,6.116604920944586e-11,6.116604920944586e-13
WT_TMP_G0269,2,100,102,1,-1.2184841670772964e-07,1.2789917097296093e-11,1.2789917097296092e-13
WT_TMP_G0270,2,100,102,1,-8.82904608423315e-08,1.3798969784972085e-11,1.3798969784972085e-13
WT_TMP_G0271,2,100,102,1,-7.5925035883186805e-06,1.661236157926503e-09,1.661236157926503e-11
WT_TMP_G0272,2,100,102,1,6.395351891051706e-06,9.692562144862517e-08,9.692562144862518e-10
WT_TMP_G0273,5,100,102,1,-1.527902174695868e-05,1.1649559339573591e-08,1.1649559339573592e-10
WT_TMP_G0274,1,100,102,1,8.470329472543004e-24,3.5877167461483075e-13,3.587716746148307e-15
WT_TMP_G0275,4,100,102,1,-1.7373753420372576e-05,1.0479129217914523e-06,1.0479129217914522e-08
WT_TMP_G0276,2,100,102,1,2.3110955954459103e-06,1.4774425906070116e-09,1.4774425906070116e-11
WT_TMP_G0277,1,100,102,1,-6.087485939843433e-07,1.0360291279895467e-10,1.0360291279895467e-12
WT_TMP_G0278,2,100,102,1,-4.3409845166067904e-06,1.6450634534834004e-09,1.6450634534834004e-11
WT_TMP_G0279,2,100,102,1,8.427602019152356e-06,1.0932802419636344e-08,1.0932802419636344e-10
WT_TMP_G0280,2,100,102,1,2.7980902137475698e-05,5.934276546686385e-08,5.934276546686386e-10
WT_TMP_G0281,3,100,102,1,-4.828462056632564e-06,6.097927199288863e-08,6.097927199288863e-10
WT_TMP_G0282,2,100,102,1,1.5906954698626112e-06,5.83401263920397e-11,5.83401263920397e-13
WT_TMP_G0283,3,100,102,1,1.5363799077989762e-06,1.2715033463867576e-10,1.2715033463867577e-12
WT_TMP_G0284,2,100,102,1,4.453675334306184e-07,1.837754492100854e-10,1.837754492100854e-12
WT_TMP_G0285,1,100,102,1,-1.562599542539951e-07,1.5390218324605493e-11,1.5390218324605493e-13
WT_TMP_G0286,2,100,102,1,5.392735272944384e-06,1.7031131256601312e-09,1.7031131256601312e-11
WT_TMP_G0287,3,100,102,1,-5.6830188899974645e-05,4.9992430062113e-07,4.9992430062113e-09
WT_TMP_G0288,2,100,102,1,-9.367854301778232e-07,1.6922783842237456e-09,1.6922783842237457e-11
WT_TMP_G0289,2,100,102,1,-3.0275790689655684e-05,9.143146602406181e-08,9.143146602406182e-10
WT_TMP_G0290,2,100,102,1,-4.6804309276204346e-07,3.1503805787446094e-11,3.1503805787446093e-13
WT_TMP_G0291,2,100,102,1,-3.174730381622357e-08,3.865026622317955e-12,3.865026622317955e-14
WT_TMP_G0292,1,100,102,1,-6.356656703017277e-07,4.040708444001446e-11,4.0407084440014457e-13
WT_TMP_G0293,2,100,102,1,2.213494213018581e-07,1.210994300049192e-10,1.2109943000491921e-12
WT_TMP_G0294,1,100,102,1,1.6940658945086007e-23,1.2909898565766536e-11,1.2909898565766536e-13
WT_TMP_G0295,2,100,102,1,1.5310477972441337e-07,4.142592829431344e-12,4.142592829431344e-14
WT_TMP_G0296,1,100,102,1,2.2502181640262839e-07,3.191527913419619e-11,3.1915279134196193e-13
WT_TMP_G0297,2,100,102,1,2.0320446470160834e-08,6.879065683546522e-11,6.879065683546522e-13
WT_TMP_G0298,2,100,102,1,-1.608810523817371e-06,5.374509004090355e-10,5.374509004090355e-12
WT_TMP_G0299,2,100,102,1,3.1683063712759203e-06,2.8099898488738068e-08,2.809989848873807e-10
WT_TMP_G0300,2,100,102,1,3.8017314612416175e-06,8.854916724807106e-09,8.854916724807106e-11
WT_TMP_G0301,3,100,102,1,2.670255665235408e-06,1.276457808186174e-09,1.276457808186174e-11
WT_TMP_G0302,3,100,102,1,1.827371313689651e-06,9.919693108148464e-11,9.919693108148464e-13
WT_TMP_G0303,1,100,102,1,-1.7088090360091192e-08,8.16362575642213e-14,8.163625756422129e-16
WT_TMP_G0304,4,100,102,1,4.489668447580893e-05,3.048939184145734e-07,3.0489391841457338e-09
WT_TMP_G0305,2,100,102,1,3.035961204147925e-08,7.631390744692906e-13,7.631390744692907e-15
WT_TMP_G0306,2,100,102,1,-9.48098087684503e-07,1.0950866794841767e-10,1.0950866794841768e-12
WT_TMP_G0307,1,100,102,1,-1.6596158306325114e-08,6.952583271222048e-13,6.952583271222048e-15
WT_TMP_G0308,2,100,102,1,1.5288627316886774e-05,5.92575193014209e-07,5.92575193014209e-09
WT_TMP_G0309,1,100,102,1,5.238908029972843e-07,1.386735346450333e-11,1.386735346450333e-13
WT_TMP_G0310,1,100,102,1,-8.092584573569925e-07,1.0823110514125964e-11,1.0823110514125964e-13
WT_TMP_G0311,2,100,102,1,-5.0523809188190735e-05,2.5526552948847063e-07,2.5526552948847063e-09
WT_TMP_G0312,1,100,102,1,-1.1798494362454066e-05,2.3005452404906486e-09,2.3005452404906485e-11
WT_TMP_G0313,2,100,102,1,-1.376721817226832e-07,1.0202783819994177e-11,1.0202783819994178e-13
WT_TMP_G0314,1,100,102,1,-7.151677420933515e-08,3.5360536250037703e-13,3.5360536250037704e-15
WT_TMP_G0315,1,100,102,1,-1.1919462368222524e-07,3.4442080763023746e-13,3.4442080763023746e-15
WT_TMP_G0316,3,100,102,1,-3.238741984586226e-05,2.6712238281787474e-08,2.671223828178747e-10
WT_TMP_G0317,2,100,102,1,4.040635701639626e-06,1.1019868213589353e-08,1.1019868213589353e-10
WT_TMP_G0318,1,100,102,1,0.0,9.605206155277538e-12,9.605206155277538e-14
WT_TMP_G0319,2,100,102,1,-1.8843298273599568e-07,1.3579860717872822e-11,1.3579860717872823e-13
WT_TMP_G0320,2,100,102,1,7.035375657548982e-05,4.959306183036707e-07,4.959306183036707e-09
WT_TMP_G0321,1,100,102,1,6.022793006120488e-07,1.832769763807474e-11,1.832769763807474e-13
WT_TMP_G0322,3,100,102,1,-3.441849116165587e-09,1.0928264550300936e-08,1.0928264550300936e-10
WT_TMP_G0323,2,100,102,1,-2.3289259742287025e-06,1.1016410909741057e-08,1.1016410909741057e-10
WT_TMP_G0324,1,100,102,1,1.1351630679728324e-07,3.8871577088934843e-13,3.887157708893484e-15
WT_TMP_G0325,2,100,102,1,-8.574177043287068e-07,1.0073182837920449e-10,1.007318283792045e-12
WT_TMP_G0326,1,100,102,1,-6.356656703017274e-07,4.040708444001445e-11,4.040708444001445e-13
WT_TMP_G0327,3,100,102,1,7.690174290064622e-06,2.428236598218487e-09,2.428236598218487e-11
WT_TMP_G0328,2,100,102,1,6.388702694657192e-05,1.597070750199607e-07,1.597070750199607e-09
WT_TMP_G0329,1,100,102,1,3.4289791489876364e-08,2.9679784962096686e-12,2.9679784962096685e-14
WT_TMP_G0330,2,100,102,1,1.943010037094376e-06,2.4446617760473573e-09,2.4446617760473575e-11
WT_TMP_G0331,1,100,102,1,-8.657005951689224e-08,7.494375204758262e-13,7.494375204758262e-15
WT_TMP_G0332,2,100,102,1,-4.500046236966615e-07,5.901421301445001e-11,5.901421301445001e-13
WT_TMP_G0333,2,100,102,1,4.0066382708740245e-06,3.3600225241764153e-09,3.3600225241764155e-11
WT_TMP_G0334,2,100,102,1,7.950761170498968e-07,1.9253734685910367e-11,1.9253734685910367e-13
WT_TMP_G0335,1,100,102,1,-4.500436328052566e-07,3.176184029220486e-11,3.176184029220486e-13
WT_TMP_G0336,2,100,102,1,7.419094749562753e-07,5.5882603969112335e-11,5.588260396911234e-13
WT_TMP_G0337,3,100,102,1,-4.202728168874031e-06,8.99149901482472e-10,8.99149901482472e-12
WT_TMP_G0338,2,100,102,1,-8.277788366983421e-08,2.8486539073725976e-12,2.8486539073725973e-14
WT_TMP_G0339,2,100,102,1,3.831515931778209e-07,3.973315173155946e-10,3.973315173155946e-12
WT_TMP_G0340,2,100,102,1,4.5105553876308775e-08,4.417886828714588e-13,4.417886828714588e-15
WT_TMP_G0341,2,100,102,1,-1.6970516253672513e-07,8.380621615050474e-13,8.380621615050475e-15
WT_TMP_G0342,1,100,102,1,6.925604761351379e-08,7.52162747823011e-13,7.521627478230111e-15
WT_TMP_G0343,3,100,102,1,-8.18286797937582e-06,6.542577812250126e-09,6.542577812250125e-11
WT_TMP_G0344,1,100,102,1,-6.776263578034403e-23,8.340980285048013e-11,8.340980285048013e-13
WT_TMP_G0345,2,100,102,1,1.1106742452156174e-06,1.7421967226746524e-09,1.7421967226746524e-11
WT_TMP_G0346,2,100,102,1,-3.176373552203626e-24,1.0934113402269908e-12,1.0934113402269908e-14
WT_TMP_G0347,2,100,102,1,4.174384827900043e-05,9.03113428901279e-08,9.031134289012789e-10
WT_TMP_G0348,1,100,102,1,-2.697528191189974e-07,1.1411123309460484e-11,1.1411123309460485e-13
WT_TMP_G0349,2,100,102,1,3.2382104194624677e-06,6.650157661048951e-09,6.65015766104895e-11
WT_TMP_G0350,1,100,102,1,1.0145809899739057e-06,1.02937458521643e-10,1.0293745852164299e-12
WT_TMP_G0351,2,100,102,1,-7.012010554212302e-08,5.128384861645443e-11,5.128384861645443e-13
WT_TMP_G0352,2,100,102,1,-1.3912994822811495e-06,9.282743794088181e-11,9.28274379408818e-13
WT_TMP_G0353,2,100,102,1,-3.591116534294409e-07,1.4175560405412258e-11,1.4175560405412258e-13
WT_TMP_G0354,2,100,102,1,-1.0589289816209272e-06,5.7499736173309736e-11,5.749973617330973e-13
WT_TMP_G0355,3,100,102,1,-9.724344435942613e-05,2.845449931508719e-07,2.845449931508719e-09
WT_TMP_G0356,2,100,102,1,-1.1168602189467405e-06,3.896545012324187e-10,3.896545012324187e-12
WT_TMP_G0357,2,100,102,1,-1.8278986880993098e-07,9.75279948930057e-13,9.752799489300571e-15
WT_TMP_G0358,2,100,102,1,4.212202847794948e-06,9.712156779229472e-08,9.712156779229473e-10
WT_TMP_G0359,2,100,102,1,5.530466018741071e-07,1.4169573072519156e-09,1.4169573072519156e-11
WT_TMP_G0360,2,100,102,1,-3.0614330260882195e-05,5.920055114002264e-07,5.920055114002264e-09
WT_TMP_G0361,1,100,102,1,3.705164078613615e-08,3.4653407962396243e-12,3.4653407962396245e-14
WT_TMP_G0362,1,100,102,1,-1.1719976548109444e-07,4.143517144871448e-13,4.143517144871448e-15
WT_TMP_G0363,2,100,102,1,5.41474421804315e-07,4.106693453581946e-11,4.106693453581946e-13
WT_TMP_G0364,1,100,102,1,1.9535379094865092e-06,1.0669392947506275e-09,1.0669392947506276e-11
WT_TMP_G0365,1,100,102,1,-1.7207980017487112e-07,1.86641914747591e-11,1.86641914747591e-13
WT_TMP_G0366,1,100,102,1,-8.876746740598401e-08,1.9890180314051934e-11,1.9890180314051933e-13
WT_TMP_G0367,2,100,102,1,-2.0708620617097093e-06,2.403161104705758e-09,2.4031611047057577e-11
WT_TMP_G0368,1,100,102,1,-1.7207980017487112e-07,1.8664191474759097e-11,1.8664191474759098e-13
WT_TMP_G0369,1,100,102,1,9.024232597129272e-07,5.13298454095601e-10,5.1329845409560095e-12
WT_TMP_G0370,2,100,102,1,1.4453321725689938e-05,6.017984103612128e-08,6.017984103612128e-10
WT_TMP_G0371,3,100,102,1,-2.7401860793043716e-06,1.7877832936036353e-09,1.7877832936036353e-11
WT_TMP_G0372,1,100,102,1,3.615400367803166e-06,2.595892315770707e-10,2.595892315770707e-12
WT_TMP_G0373,3,100,102,1,7.856865811519568e-05,4.995966090726694e-07,4.9959660907266945e-09
WT_TMP_G0374,2,100,102,1,1.8715848748120242e-06,2.1994329934513707e-10,2.1994329934513708e-12
WT_TMP_G0375,2,100,102,1,-6.350458811083494e-06,3.048975974008112e-09,3.048975974008112e-11
WT_TMP_G0376,1,100,102,1,3.0212421674732987e-07,7.053859097032951e-13,7.053859097032951e-15
WT_TMP_G0377,2,100,102,1,-7.817479823773372e-06,1.4309070592336797e-09,1.4309070592336797e-11
WT_TMP_G0378,1,100,102,1,-3.601064240676291e-06,1.2967663665477506e-09,1.2967663665477506e-11
WT_TMP_G0379,1,100,102,1,1.2174971879686866e-06,1.0247995870599129e-10,1.0247995870599129e-12
WT_TMP_G0380,2,100,102,1,1.1089480246805055e-05,9.658202151923506e-08,9.658202151923506e-10
WT_TMP_G0381,1,100,102,1,3.3410549510250882e-09,2.8177230117411495e-14,2.8177230117411495e-16
WT_TMP_G0382,1,100,102,1,-1.3139241122455537e-08,1.0881529913029557e-13,1.0881529913029556e-15
WT_TMP_G0383,2,100,102,1,-5.746350939723698e-08,4.2352280105577816e-13,4.235228010557782e-15
WT_TMP_G0384,2,100,102,1,-6.409285477772413e-06,1.1484583656110061e-08,1.1484583656110061e-10
WT_TMP_G0385,1,100,102,1,-1.9428248600125986e-06,1.4512071830428852e-10,1.4512071830428851e-12
WT_TMP_G0386,1,100,102,1,7.242352377584205e-06,1.3240072548968468e-07,1.3240072548968468e-09
WT_TMP_G0387,2,100,102,1,9.913620778939545e-07,1.0629259484186253e-10,1.0629259484186252e-12
WT_TMP_G0388,1,100,102,1,-3.3753272460394255e-07,3.185134628336646e-11,3.185134628336646e-13
WT_TMP_G0389,1,100,102,1,-4.966456376361208e-08,6.2262178441221144e-12,6.226217844122114e-14
WT_TMP_G0390,2,100,102,1,1.5599114108286036e-07,6.200242105650596e-11,6.200242105650596e-13
WT_TMP_G0391,2,100,102,1,1.7480785874315426e-08,4.383209886201126e-14,4.383209886201126e-16
WT_TMP_G0392,2,100,102,1,8.529383704399985e-07,5.878260049938044e-11,5.878260049938044e-13
WT_TMP_G0393,1,100,102,1,-2.1696694341722997e-07,2.967129740439276e-11,2.967129740439276e-13
WT_TMP_G0394,1,100,102,1,5.9597311841112634e-08,3.5518395786868237e-13,3.5518395786868237e-15
WT_TMP_G0395,2,100,102,1,-1.9232479610840255e-06,1.8109748550222022e-10,1.8109748550222021e-12
WT_TMP_G0396,1,100,102,1,-6.371813716515497e-07,8.063062349139543e-12,8.063062349139543e-14
WT_TMP_G0397,2,100,102,1,-3.87043174669138e-07,2.6858510238518407e-12,2.6858510238518407e-14
WT_TMP_G0398,2,100,102,1,9.241383088625032e-07,1.065954965562743e-10,1.065954965562743e-12
WT_TMP_G0399,2,100,102,1,-4.754120577672937e-08,7.434047536412296e-12,7.434047536412296e-14
WT_TMP_G0400,4,100,102,1,9.128957230635428e-07,1.1285241797368591e-09,1.1285241797368592e-11
WT_TMP_G0401,3,100,102,1,-0.0011712532512150149,3.323395318310138e-05,3.323395318310138e-07
WT_TMP_G0402,1,100,102,1,-6.743820477974938e-08,1.148003105891375e-11,1.1480031058913751e-13
WT_TMP_G0403,2,100,102,1,1.9979469757025645e-06,1.4603221707177658e-09,1.4603221707177658e-11
WT_TMP_G0404,1,100,102,1,-4.3019950043717786e-07,1.8507161017639738e-11,1.850716101763974e-13
WT_TMP_G0405,1,100,102,1,-4.857062150031496e-07,1.4869512023296559e-10,1.4869512023296558e-12
WT_TMP_G0406,4,100,102,1,3.234119971481267e-05,5.237130400873136e-08,5.237130400873136e-10
WT_TMP_G0407,2,100,102,1,-4.19679996400108e-07,1.3361990568145764e-10,1.3361990568145764e-12
WT_TMP_G0408,1,100,102,1,0.0,1.2143626681466644e-15,1.2143626681466644e-17
WT_TMP_G0409,1,100,102,1,-3.820973027218493e-07,7.37666363182154e-12,7.37666363182154e-14
WT_TMP_G0410,1,100,102,1,-6.087485939843433e-07,1.0360291279895469e-10,1.036029127989547e-12
WT_TMP_G0411,1,100,102,1,-6.625767574769768e-07,1.3243050930893089e-11,1.3243050930893088e-13
WT_TMP_G0412,1,100,102,1,-7.162972334783868e-06,1.0189677166646903e-09,1.0189677166646903e-11
WT_TMP_G0413,2,100,102,1,-7.12674610977534e-07,8.263865204176573e-11,8.263865204176573e-13
WT_TMP_G0414,2,100,102,1,1.456371511784035e-06,4.7467743760617466e-09,4.746774376061747e-11
WT_TMP_G0415,1,100,102,1,0.0,8.473163460634243e-12,8.473163460634244e-14
WT_TMP_G0416,1,100,102,1,-2.8701800986172893e-07,5.192394636629521e-11,5.192394636629521e-13
WT_TMP_G0417,1,100,102,1,-1.6433638035468933e-06,2.7006445908081127e-10,2.700644590808113e-12
WT_TMP_G0418,2,100,102,1,-3.239050187682285e-08,8.873602071757977e-09,8.873602071757977e-11
WT_TMP_G0419,2,100,102,1,5.4672923863808416e-08,8.040886146067072e-13,8.040886146067072e-15
WT_TMP_G0420,1,100,102,1,5.3316038249528784e-08,7.947156495119437e-13,7.947156495119437e-15
WT_TMP_G0421,2,100,102,1,4.658681209898652e-23,1.6602164549854025e-11,1.6602164549854026e-13
WT_TMP_G0422,2,100,102,1,6.794198817740033e-07,6.584921555495716e-11,6.584921555495716e-13
WT_TMP_G0423,2,100,102,1,1.2181953639523925e-06,9.289812537404667e-11,9.289812537404668e-13
WT_TMP_G0424,1,100,102,1,3.958508900778442e-06,1.566979271754215e-09,1.5669792717542148e-11
WT_TMP_G0425,2,100,102,1,1.0904541023979146e-06,5.72423797537217e-08,5.72423797537217e-10
WT_TMP_G0426,1,100,102,1,-1.1241976861687385e-06,3.063807121423384e-11,3.063807121423384e-13
WT_TMP_G0427,2,100,102,1,8.581349610279663e-08,7.950863735618744e-13,7.950863735618745e-15
WT_TMP_G0428,1,100,102,1,-1.0090338381980735e-07,3.9144754770006304e-13,3.914475477000631e-15
WT_TMP_G0429,1,100,102,1,-1.4806677011153925e-08,1.3818617665281178e-13,1.3818617665281179e-15
WT_TMP_G0430,1,100,102,1,-1.072013255016335e-06,1.8021740205958974e-10,1.8021740205958974e-12
WT_TMP_G0431,2,100,102,1,1.7551777197277341e-07,9.365752549916786e-11,9.365752549916785e-13
WT_TMP_G0432,2,100,102,1,-4.113447509062821e-06,1.6744018961399171e-09,1.6744018961399173e-11
WT_TMP_G0433,2,100,102,1,-8.491598872833123e-07,1.1332840944087101e-10,1.1332840944087101e-12
WT_TMP_G0434,1,100,102,1,-1.499098916578765e-05,8.640178125427809e-09,8.640178125427809e-11
WT_TMP_G0435,2,100,102,1,1.3750316672159058e-05,6.387943749378718e-08,6.387943749378719e-10
WT_TMP_G0436,2,100,102,1,-3.2382104194624656e-06,6.576008714200544e-09,6.576008714200544e-11
WT_TMP_G0437,1,100,102,1,-3.249826843641496e-08,4.0605284588475916e-14,4.0605284588475917e-16
WT_TMP_G0438,2,100,102,1,-6.274349585199462e-06,3.9318139054373836e-09,3.931813905437384e-11
WT_TMP_G0439,2,100,102,1,-1.5834035603113762e-06,1.5797542799174696e-09,1.5797542799174696e-11
WT_TMP_G0440,1,100,102,1,-9.251074902059912e-07,8.740737601302555e-12,8.740737601302555e-14
WT_TMP_G0441,2,100,102,1,3.2925934060571367e-06,5.528591023529489e-10,5.528591023529489e-12
WT_TMP_G0442,1,100,102,1,6.776263578034403e-23,8.473163460634243e-12,8.473163460634244e-14
WT_TMP_G0443,1,100,102,1,4.7316295726357635e-08,1.4111424938876937e-12,1.4111424938876937e-14
WT_TMP_G0444,1,100,102,1,1.6940658945086007e-23,1.4144587377094378e-11,1.414458737709438e-13
WT_TMP_G0445,2,100,102,1,-2.647480209774592e-07,7.123791498956358e-12,7.123791498956358e-14
WT_TMP_G0446,1,100,102,1,-3.9070758189730185e-06,1.055374717890625e-09,1.055374717890625e-11
WT_TMP_G0447,1,100,102,1,-1.6233295839582488e-06,1.0131541372069596e-10,1.0131541372069595e-12
WT_TMP_G0448,2,100,102,1,-2.7197763645633007e-08,4.4500351476629285e-14,4.450035147662928e-16
WT_TMP_G0449,1,100,102,1,7.250366621895786e-05,8.687554352825306e-08,8.687554352825306e-10
WT_TMP_G0450,2,100,102,1,-1.9358587769519345e-05,1.6204940019938807e-08,1.6204940019938808e-10
WT_TMP_G0451,1,100,102,1,1.2713313406034553e-07,4.079891071337218e-11,4.079891071337218e-13
WT_TMP_G0452,2,100,102,1,-2.4916015947354847e-06,2.2318978628522084e-10,2.2318978628522083e-12
WT_TMP_G0453,2,100,102,1,1.1382286572311867e-07,9.566515556715962e-11,9.566515556715962e-13
WT_TMP_G0454,2,100,102,1,2.0596592534880495e-09,4.523322266412881e-13,4.523322266412881e-15
WT_TMP_G0455,3,100,102,1,-9.63434112754352e-06,1.591385753212296e-09,1.5913857532122962e-11
WT_TMP_G0456,1,100,102,1,2.7077639487581333e-06,2.2117562254280913e-10,2.211756225428091e-12
WT_TMP_G0457,1,100,102,1,-1.7088090360091182e-08,8.163625756422128e-14,8.163625756422128e-16
WT_TMP_G0458,1,100,102,1,0.0,4.0815236808095414e-11,4.0815236808095415e-13
WT_TMP_G0459,1,100,102,1,2.080381827760162e-09,1.2099909625413367e-15,1.2099909625413368e-17
WT_TMP_G0460,1,100,102,1,2.7965406337569658e-08,3.006798904923343e-14,3.0067989049233426e-16
WT_TMP_G0461,1,100,102,1,-1.4217610199874347e-07,7.771687363352446e-13,7.771687363352446e-15
WT_TMP_G0462,1,100,102,1,-2.117582368135751e-24,7.570075964402282e-13,7.570075964402283e-15
WT_TMP_G0463,3,100,102,1,1.0642035096404535e-06,1.3548586595796089e-09,1.3548586595796088e-11
WT_TMP_G0464,1,100,102,1,-3.0087163198535345e-06,9.052373893353002e-10,9.052373893353002e-12
WT_TMP_G0465,2,100,102,1,6.10909635427957e-06,2.571064768975179e-09,2.571064768975179e-11
WT_TMP_G0466,2,100,102,1,-1.0183163985097894e-06,2.447427755559252e-09,2.447427755559252e-11
WT_TMP_G0467,1,100,102,1,3.0087163198535345e-06,9.052373893353002e-10,9.052373893353002e-12
WT_TMP_G0468,1,100,102,1,-3.158481408995245e-06,5.040442752357045e-10,5.0404427523570445e-12
WT_TMP_G0469,1,100,102,1,7.285593225047241e-07,1.4839725340557584e-10,1.4839725340557585e-12
WT_TMP_G0470,1,100,102,1,0.0,2.175928699671526e-12,2.175928699671526e-14
WT_TMP_G0471,1,100,102,1,1.7207980017487096e-07,1.8664191474759094e-11,1.8664191474759093e-13
WT_TMP_G0472,1,100,102,1,-6.754824843302565e-08,2.3053677877699983e-13,2.305367787769998e-15
WT_TMP_G0473,2,100,102,1,1.1209811019208606e-06,1.207377485433749e-10,1.207377485433749e-12
WT_TMP_G0474,1,100,102,1,-1.3487640955949866e-07,1.1466249509023096e-11,1.1466249509023097e-13
WT_TMP_G0475,3,100,102,1,-1.0433919731584282e-07,1.1462113194215164e-09,1.1462113194215164e-11
WT_TMP_G0476,1,100,102,1,1.302219616456605e-08,4.28054954321362e-13,4.28054954321362e-15
WT_TMP_G0477,1,100,102,1,-6.6821099020501764e-09,2.8143403910787928e-14,2.814340391078793e-16
WT_TMP_G0478,1,100,102,1,5.559462690342922e-08,7.801833928068898e-12,7.801833928068897e-14
WT_TMP_G0479,2,100,102,1,4.988284544955339e-07,5.909829499651082e-11,5.909829499651082e-13
WT_TMP_G0480,1,100,102,1,-1.1357549372473744e-06,3.891212261165287e-11,3.891212261165287e-13
WT_TMP_G0481,1,100,102,1,-2.5987232752665034e-07,1.7047124536230547e-10,1.7047124536230546e-12
WT_TMP_G0482,1,100,102,1,2.941621190165268e-07,2.1842611041259454e-10,2.1842611041259454e-12
WT_TMP_G0483,1,100,102,1,-3.700429960823965e-07,9.466891186641537e-12,9.466891186641536e-14
WT_TMP_G0484,1,100,102,1,-1.095353616777425e-06,1.1997995457873856e-10,1.1997995457873856e-12
WT_TMP_G0485,1,100,102,1,-2.60443923291321e-08,4.275410828275788e-13,4.275410828275788e-15
WT_TMP_G0486,1,100,102,1,-3.371910238987468e-07,1.1369778659788524e-11,1.1369778659788525e-13
WT_TMP_G0487,1,100,102,1,6.883192006994845e-07,1.8215533025846615e-11,1.8215533025846615e-13
WT_TMP_G0488,1,100,102,1,-7.41032815722723e-08,3.461180723254942e-12,3.4611807232549423e-14
WT_TMP_G0489,2,100,102,1,6.44676667846539e-07,2.765078809036483e-10,2.765078809036483e-12
WT_TMP_G0490,1,100,102,1,6.750654492078852e-07,3.150610888888598e-11,3.1506108888885977e-13
WT_TMP_G0491,1,100,102,1,4.06228355455187e-09,4.1655421258867565e-14,4.1655421258867567e-16
WT_TMP_G0492,2,100,102,1,-6.5134609397092735e-06,8.914928383589832e-10,8.914928383589832e-12
WT_TMP_G0493,2,100,102,1,-3.9742267438381734e-07,8.066212862188438e-11,8.066212862188438e-13
WT_TMP_G0494,1,100,102,1,6.30646148873796e-08,3.9771456508935e-13,3.9771456508935e-15
WT_TMP_G0495,1,100,102,1,-1.7088090360091182e-08,8.163625756422132e-14,8.163625756422132e-16
WT_TMP_G0496,1,100,102,1,4.323237050161289e-07,1.178060226397745e-10,1.1780602263977449e-12
WT_TMP_G0497,1,100,102,1,1.1741671193283686e-07,2.1620027559936294e-12,2.1620027559936293e-14
WT_TMP_G0498,2,100,102,1,-1.837653778790147e-06,8.15559188164534e-10,8.15559188164534e-12
WT_TMP_G0499,2,100,102,1,1.3133089957610557e-07,9.34070995299797e-11,9.34070995299797e-13
WT_TMP_G0500,1,100,102,1,3.705164078613621e-08,3.4653407962396247e-12,3.4653407962396245e-14
WT_TMP_G0501,1,100,102,1,8.414778846825731e-07,1.1104060704154585e-10,1.1104060704154586e-12
WT_TMP_G0502,1,100,102,1,-4.106190429007393e-09,1.0627413232025932e-14,1.0627413232025932e-16
WT_TMP_G0503,1,100,102,1,-5.620988430843694e-07,3.159551093967865e-11,3.159551093967865e-13
WT_TMP_G0504,1,100,102,1,3.575838710466757e-08,3.5748009658621725e-13,3.574800965862172e-15
WT_TMP_G0505,2,100,102,1,1.5425684788762586e-06,1.4787538243546077e-09,1.4787538243546076e-11
WT_TMP_G0506,2,100,102,1,2.5760783635755143e-07,8.882498266635499e-11,8.8824982666355e-13
WT_TMP_G0507,1,100,102,1,-3.4300351281883796e-08,3.289221793792395e-13,3.2892217937923947e-15
WT_TMP_G0508,1,100,102,1,8.41477884682573e-07,1.1104060704154588e-10,1.1104060704154588e-12
WT_TMP_G0509,1,100,102,1,1.1092948014570181e-07,6.217359675280304e-13,6.217359675280304e-15
WT_TMP_G0510,2,100,102,1,2.480247480490362e-05,5.497338726505115e-08,5.497338726505115e-10
WT_TMP_G0511,1,100,102,1,-2.0231461433924813e-07,1.1443280259205337e-11,1.1443280259205337e-13
WT_TMP_G0512,1,100,102,1,-2.9906051124492263e-07,5.6372531491828786e-11,5.637253149182878e-13
WT_TMP_G0513,2,100,102,1,1.5402480294839267e-08,5.630565516632172e-11,5.630565516632172e-13
WT_TMP_G0514,1,100,102,1,-1.2713313406034553e-07,4.079891071337218e-11,4.079891071337218e-13
WT_TMP_G0515,1,100,102,1,5.792557924104997e-08,8.46977419524999e-12,8.469774195249989e-14
WT_TMP_G0516,2,100,102,1,-3.742842389449495e-06,3.3326466730876513e-09,3.3326466730876515e-11
WT_TMP_G0517,1,100,102,1,-3.4956757921962064e-09,3.0845609455679126e-14,3.0845609455679127e-16
WT_TMP_G0518,1,100,102,1,-1.8926518290543054e-07,1.377220799323086e-12,1.3772207993230861e-14
WT_TMP_G0519,1,100,102,1,-3.906658849369816e-08,4.266846303379404e-13,4.266846303379404e-15
WT_TMP_G0520,1,100,102,1,0.0,4.470324951454838e-14,4.470324951454838e-16
WT_TMP_G0521,1,100,102,1,1.3139241122455537e-08,1.0881529913029555e-13,1.0881529913029556e-15
WT_TMP_G0522,1,100,102,1,-7.125316021401194e-06,1.5315243872215942e-09,1.5315243872215943e-11
WT_TMP_G0523,1,100,102,1,1.3189794071226575e-06,1.739706676413637e-10,1.7397066764136369e-12
WT_TMP_G0524,1,100,102,1,5.524417876020902e-06,3.05191928688993e-09,3.05191928688993e-11
WT_TMP_G0525,1,100,102,1,-1.430009766686024e-07,1.2889242728061307e-11,1.2889242728061306e-13
WT_TMP_G0526,1,100,102,1,-4.4073992838922823e-07,5.859768359505614e-12,5.859768359505614e-14
WT_TMP_G0527,1,100,102,1,-4.8939461090746925e-08,2.843868915001389e-14,2.843868915001389e-16
WT_TMP_G0528,2,100,102,1,-1.8602379190560702e-06,1.0411743037686006e-10,1.0411743037686007e-12
WT_TMP_G0529,1,100,102,1,6.167383268039942e-08,9.601364072815422e-12,9.601364072815422e-14
WT_TMP_G0530,1,100,102,1,-8.470329472543004e-24,8.184610227721622e-13,8.184610227721622e-15
WT_TMP_G0531,1,100,102,1,-1.3234889800848444e-24,1.2226159515198594e-14,1.2226159515198593e-16
WT_TMP_G0532,1,100,102,1,0.0,1.0707941537039618e-09,1.0707941537039618e-11
WT_TMP_G0533,1,100,102,1,1.2186850663655608e-08,4.152207057056385e-14,4.1522070570563854e-16
WT_TMP_G0534,1,100,102,1,5.716725213647301e-08,3.2680947168350784e-13,3.2680947168350784e-15
WT_TMP_G0535,1,100,102,1,4.323237050161289e-07,1.178060226397745e-10,1.1780602263977449e-12
WT_TMP_G0536,1,100,102,1,2.713771228559221e-09,4.641900880117611e-15,4.641900880117611e-17
WT_TMP_G0537,1,100,102,1,4.092935737063903e-06,1.6752122947734839e-09,1.675212294773484e-11
WT_TMP_G0538,1,100,102,1,0.0,2.818850551961933e-14,2.818850551961933e-16
WT_TMP_G0539,1,100,102,1,4.301995004371776e-07,1.8507161017639725e-11,1.8507161017639726e-13
WT_TMP_G0540,1,100,102,1,1.31442434013291e-06,1.1944671033616645e-10,1.1944671033616644e-12
WT_TMP_G0541,1,100,102,1,-2.993661731413053e-07,1.4054062017880976e-11,1.4054062017880977e-13
WT_TMP_G0542,1,100,102,1,-4.812123884676988e-07,1.1699993903505341e-11,1.1699993903505342e-13
WT_TMP_G0543,1,100,102,1,-5.959731184111264e-08,3.551839578686823e-13,3.5518395786868233e-15
WT_TMP_G0544,1,100,102,1,-2.3405689981300522e-08,3.452965917822919e-13,3.452965917822919e-15
WT_TMP_G0545,1,100,102,1,-2.4373701327311224e-08,4.1072011997538886e-14,4.1072011997538885e-16
WT_TMP_G0546,1,100,102,1,-9.76442141465824e-07,1.89350696146977e-11,1.89350696146977e-13
WT_TMP_G0547,1,100,102,1,7.875763574091992e-07,3.13398834767287e-11,3.13398834767287e-13
WT_TMP_G0548,1,100,102,1,7.571699581649164e-07,3.9635994260071374e-11,3.9635994260071373e-13
WT_TMP_G0549,1,100,102,1,7.403338505576959e-09,1.3835226580744258e-13,1.3835226580744258e-15
WT_TMP_G0550,1,100,102,1,3.286727607093785e-07,2.726832659567465e-10,2.7268326595674653e-12
WT_TMP_G0551,1,100,102,1,3.3753272460394255e-07,3.185134628336646e-11,3.185134628336646e-13
WT_TMP_G0552,1,100,102,1,-1.8525820393068078e-07,3.4320602123621726e-12,3.432060212362173e-14
WT_TMP_G0553,1,100,102,1,-3.554402549968587e-08,7.963108234370981e-13,7.963108234370981e-15
WT_TMP_G0554,1,100,102,1,-2.699191714038325e-07,1.839071124941793e-10,1.8390711249417932e-12
WT_TMP_G0555,2,100,102,1,-1.6354171142588423e-06,6.04945607601298e-10,6.04945607601298e-12
WT_TMP_G0556,1,100,102,1,8.124567109103737e-09,4.160541475075365e-14,4.160541475075365e-16
WT_TMP_G0557,1,100,102,1,5.504167454155614e-08,2.0945285485797654e-13,2.0945285485797656e-15
WT_TMP_G0558,1,100,102,1,7.403338505576959e-09,1.3835226580744258e-13,1.3835226580744258e-15
WT_TMP_G0559,1,100,102,1,-6.167383268039942e-08,9.601364072815425e-12,9.601364072815425e-14
WT_TMP_G0560,1,100,102,1,-1.647194661429102e-07,6.848901395301706e-11,6.848901395301706e-13
WT_TMP_G0561,1,100,102,1,1.3185263545974403e-06,4.860418365533251e-10,4.8604183655332506e-12
WT_TMP_G0562,1,100,102,1,4.6877986276198536e-07,1.51929078332644e-11,1.5192907833264398e-13
WT_TMP_G0563,1,100,102,1,-4.2073894234128643e-07,1.1157703509488664e-10,1.1157703509488664e-12
WT_TMP_G0564,1,100,102,1,-2.28669008545892e-08,3.295824005341557e-13,3.2958240053415567e-15
WT_TMP_G0565,1,100,102,1,6.601062983502565e-09,1.2182145340943877e-14,1.2182145340943877e-16
WT_TMP_G0566,1,100,102,1,-4.7677849472890104e-08,3.564755358972958e-13,3.564755358972958e-15
WT_TMP_G0567,1,100,102,1,5.29121730270393e-08,2.7996980544433447e-13,2.7996980544433447e-15
WT_TMP_G0568,1,100,102,1,-3.813994021810366e-07,4.066830195558626e-11,4.066830195558626e-13
WT_TMP_G0569,1,100,102,1,-4.857062150031495e-07,1.4869512023296556e-10,1.4869512023296556e-12
WT_TMP_G0570,1,100,102,1,4.785595261364064e-07,6.402770787421453e-11,6.402770787421453e-13
WT_TMP_G0571,1,100,102,1,-3.3172840502554776e-08,2.7777706365382205e-12,2.7777706365382204e-14
WT_TMP_G0572,1,100,102,1,-5.20887846582642e-08,4.2548559685244627e-13,4.254855968524463e-15
WT_TMP_G0573,1,100,102,1,3.575838710466758e-08,3.574800965862173e-13,3.574800965862173e-15
WT_TMP_G0574,1,100,102,1,-1.0598643361738014e-06,4.3187958229527684e-11,4.3187958229527683e-13
WT_TMP_G0575,1,100,102,1,1.909060037259026e-06,2.5196613907176333e-10,2.5196613907176334e-12
WT_TMP_G0576,1,100,102,1,-5.922670804461569e-08,1.3486439356019613e-13,1.3486439356019613e-15
